555,Fri Sep 20 10:59:24 CST 2013
817,Thu Oct 17 02:32:47 CST 2013
228,Sat Aug 04 14:43:04 CST 2012
408,Thu May 03 00:06:16 CST 2012
642,Wed Jul 11 11:47:07 CST 2012
231,Mon Jul 30 17:34:47 CST 2012
388,Mon Jun 13 00:10:53 CST 2011
419,Mon Oct 03 21:41:52 CST 2011
105,Tue Dec 24 19:21:30 CST 2013
370,Mon Feb 13 20:58:18 CST 2012
554,Thu Sep 26 10:54:56 CST 2013
450,Mon Dec 10 17:48:24 CST 2012
400,Thu Apr 11 04:10:15 CST 2013
600,Sun Dec 16 09:30:27 CST 2012
35,Mon Mar 25 12:56:27 CST 2013
382,Sat Sep 10 18:54:55 CST 2011
209,Mon Oct 15 16:59:14 CST 2012
546,Fri Nov 08 03:30:04 CST 2013
252,Wed Jun 20 17:05:43 CST 2012
585,Sat Feb 09 20:00:55 CST 2013
165,Sun Aug 25 07:52:44 CST 2013
818,Wed Oct 16 06:18:06 CST 2013
547,Tue Nov 05 19:50:19 CST 2013
414,Tue Oct 09 17:45:43 CST 2012
289,Tue Dec 17 14:06:13 CST 2013
673,Sun Apr 01 13:19:58 CST 2012
716,Tue Jan 10 20:20:25 CST 2012
281,Thu Mar 06 00:26:54 CST 2014
510,Sat Apr 12 15:40:32 CST 2014
590,Wed Feb 06 08:01:42 CST 2013
451,Thu Dec 06 21:19:06 CST 2012
835,Sun Sep 29 21:02:25 CST 2013
204,Sun Oct 28 14:00:05 CST 2012
629,Mon Aug 27 11:23:20 CST 2012
369,Sat Feb 18 19:45:28 CST 2012
459,Fri Dec 30 20:51:42 CST 2011
265,Sun Apr 01 13:40:54 CST 2012
831,Wed Oct 02 19:30:11 CST 2013
724,Sun Dec 25 19:06:09 CST 2011
112,Sun Oct 06 21:24:48 CST 2013
157,Sat Nov 09 11:05:14 CST 2013
213,Fri Sep 21 19:46:57 CST 2012
416,Wed Oct 12 07:16:18 CST 2011
11,Tue Oct 01 20:24:18 CST 2013
742,Wed Oct 26 10:20:00 CST 2011
501,Sat Jan 14 15:29:27 CST 2012
511,Sat Apr 05 18:45:26 CST 2014
412,Sat Mar 23 19:34:41 CST 2013
601,Fri Dec 14 12:37:30 CST 2012
755,Mon Oct 10 16:22:52 CST 2011
846,Mon Oct 14 12:08:48 CST 2013
5,Tue Mar 25 12:53:51 CST 2014
90,Mon Apr 07 18:49:28 CST 2014
432,Sat May 10 22:00:26 CST 2014
524,Sat Jan 11 16:09:21 CST 2014
393,Tue Jan 21 18:41:46 CST 2014
771,Wed Sep 14 10:06:26 CST 2011
384,Sun Sep 04 08:46:47 CST 2011
702,Sun Jan 29 12:12:33 CST 2012
786,Tue Jul 12 10:29:33 CST 2011
830,Fri Oct 04 07:56:34 CST 2013
306,Sun Nov 04 18:48:45 CST 2012
70,Sat Oct 22 15:30:08 CST 2011
308,Sun Nov 04 16:18:18 CST 2012
576,Mon Mar 25 19:16:47 CST 2013
191,Tue Dec 18 11:44:51 CST 2012
211,Thu Oct 04 11:58:27 CST 2012
548,Tue Oct 29 13:11:52 CST 2013
237,Thu Jul 19 17:01:54 CST 2012
587,Fri Feb 08 06:34:11 CST 2013
691,Sun Feb 26 16:34:32 CST 2012
233,Sat Jul 28 16:12:42 CST 2012
173,Sun Feb 03 08:58:02 CST 2013
838,Tue Jun 05 00:18:32 CST 2012
336,Sun Mar 10 11:19:10 CST 2013
164,Sun Sep 08 12:30:22 CST 2013
4,Wed Mar 26 00:26:59 CST 2014
445,Sun Apr 28 20:50:16 CST 2013
322,Tue Jul 03 09:24:34 CST 2012
154,Sun Nov 17 09:04:18 CST 2013
558,Sat Aug 24 16:09:03 CST 2013
379,Sat Sep 24 22:37:10 CST 2011
444,Sat Jun 15 17:35:22 CST 2013
666,Sat Apr 28 14:12:15 CST 2012
166,Sat Aug 24 12:47:23 CST 2013
714,Tue Jan 17 07:34:22 CST 2012
609,Fri Nov 02 20:36:45 CST 2012
3,Thu Mar 27 23:14:34 CST 2014
639,Sat Jul 21 10:32:47 CST 2012
767,Sun Sep 25 14:46:28 CST 2011
618,Sun Sep 30 09:43:50 CST 2012
361,Sun Jun 10 15:36:20 CST 2012
746,Sun Oct 23 19:19:46 CST 2011
0,Fri May 09 16:19:35 CST 2014
462,Sat Jul 30 14:49:42 CST 2011
552,Mon Oct 07 18:14:15 CST 2013
342,Sat Nov 24 21:24:52 CST 2012
452,Wed Nov 07 20:10:27 CST 2012
735,Sun Nov 20 12:46:07 CST 2011
310,Sat Oct 20 11:17:04 CST 2012
24,Sat Mar 30 19:35:00 CST 2013
171,Sun Feb 24 09:42:32 CST 2013
468,Sat Feb 22 17:37:02 CST 2014
55,Sat Dec 03 17:29:10 CST 2011
473,Thu Dec 20 17:31:48 CST 2012
540,Sun Nov 10 18:48:46 CST 2013
722,Sun Jan 01 16:59:34 CST 2012
327,Mon Sep 16 00:21:26 CST 2013
660,Sun May 13 16:15:58 CST 2012
509,Sat Apr 19 20:58:30 CST 2014
413,Tue Oct 16 20:50:57 CST 2012
460,Fri Nov 18 21:24:26 CST 2011
730,Sun Dec 04 14:43:55 CST 2011
580,Sun Feb 24 15:18:08 CST 2013
272,Tue May 13 06:51:35 CST 2014
271,Sun Dec 18 19:03:29 CST 2011
569,Sat Apr 27 18:52:38 CST 2013
146,Sun Jan 05 14:25:52 CST 2014
437,Sat Oct 05 17:53:53 CST 2013
374,Fri Dec 30 19:49:37 CST 2011
341,Sun Dec 16 18:07:30 CST 2012
2,Sun Apr 06 11:28:23 CST 2014
298,Fri Sep 20 05:49:04 CST 2013
491,Sat May 26 11:58:42 CST 2012
315,Sun Aug 05 18:48:13 CST 2012
464,Thu Jul 14 22:53:10 CST 2011
541,Sun Nov 10 14:27:07 CST 2013
604,Sun Dec 02 18:17:59 CST 2012
242,Sat Jul 14 11:58:41 CST 2012
403,Sat Jul 28 15:07:41 CST 2012
356,Thu Jul 26 13:55:11 CST 2012
447,Sat Mar 16 14:47:29 CST 2013
439,Sun Sep 29 21:16:04 CST 2013
245,Wed Jul 11 18:14:53 CST 2012
111,Wed Oct 09 19:09:21 CST 2013
762,Mon Oct 03 19:58:19 CST 2011
529,Sun Dec 15 09:23:54 CST 2013
487,Thu Jun 28 16:26:07 CST 2012
521,Mon Jan 13 12:12:16 CST 2014
623,Sun Sep 23 19:38:26 CST 2012
275,Mon Apr 14 18:24:41 CST 2014
184,Tue Jan 01 20:09:09 CST 2013
475,Tue Oct 09 14:03:39 CST 2012
675,Sun Mar 25 17:15:40 CST 2012
664,Sat May 05 19:56:52 CST 2012
729,Sun Dec 18 17:49:46 CST 2011
138,Mon Dec 26 02:37:13 CST 2011
749,Tue Oct 18 10:40:05 CST 2011
699,Sun Feb 05 19:51:22 CST 2012
44,Sun Mar 18 18:45:31 CST 2012
514,Fri Apr 04 11:50:15 CST 2014
415,Sun Apr 08 14:03:00 CST 2012
230,Thu Aug 02 18:19:11 CST 2012
662,Sat May 12 13:03:19 CST 2012
693,Sun Feb 26 15:31:01 CST 2012
347,Sun Sep 23 02:36:50 CST 2012
766,Sun Sep 25 20:12:37 CST 2011
247,Sun Jul 08 16:31:17 CST 2012
411,Sun May 04 16:43:19 CST 2014
779,Sat Sep 03 15:15:28 CST 2011
106,Tue Dec 03 20:16:48 CST 2013
727,Fri Dec 23 12:01:31 CST 2011
692,Sun Feb 26 15:57:57 CST 2012
28,Thu Mar 28 11:39:38 CST 2013
845,Wed Jan 15 22:05:20 CST 2014
612,Tue Oct 23 15:50:36 CST 2012
260,Sat Apr 28 19:35:31 CST 2012
377,Sun Nov 13 15:28:54 CST 2011
34,Mon Mar 25 14:10:43 CST 2013
253,Mon Jun 18 20:09:37 CST 2012
630,Sat Aug 25 21:38:45 CST 2012
197,Sun Nov 18 11:07:09 CST 2012
802,Thu May 05 22:51:12 CST 2011
647,Sun Jun 24 20:12:33 CST 2012
658,Wed May 16 21:00:46 CST 2012
17,Sun Mar 31 17:01:16 CST 2013
51,Fri Jan 13 20:23:02 CST 2012
6,Sat Mar 22 19:37:35 CST 2014
798,Mon May 09 12:41:21 CST 2011
14,Mon Jul 29 21:27:28 CST 2013
621,Tue Sep 25 15:57:40 CST 2012
799,Fri May 06 20:13:21 CST 2011
659,Tue May 15 21:08:06 CST 2012
48,Sun Feb 05 21:14:33 CST 2012
343,Sat Nov 24 20:54:11 CST 2012
269,Tue Dec 27 11:52:13 CST 2011
823,Wed Oct 09 05:01:53 CST 2013
745,Mon Oct 24 10:16:59 CST 2011
500,Mon Jan 23 20:02:33 CST 2012
162,Sun Sep 15 10:09:10 CST 2013
703,Sat Jan 28 11:58:42 CST 2012
335,Thu Apr 18 18:53:58 CST 2013
492,Wed Apr 04 15:51:44 CST 2012
66,Mon Oct 31 19:38:57 CST 2011
19,Sun Mar 31 14:10:43 CST 2013
293,Sun Nov 10 17:36:25 CST 2013
474,Wed Nov 14 14:06:32 CST 2012
627,Thu Sep 06 15:57:55 CST 2012
644,Wed Jul 04 10:21:51 CST 2012
280,Wed Mar 12 06:51:02 CST 2014
528,Sat Dec 21 17:46:19 CST 2013
801,Fri May 06 08:36:25 CST 2011
288,Wed Dec 18 04:33:05 CST 2013
254,Sun Jun 03 17:33:53 CST 2012
810,Thu Oct 22 13:30:19 CST 2009
136,Tue Jan 01 00:23:39 CST 2013
120,Tue Jul 30 17:32:05 CST 2013
309,Fri Oct 26 20:19:08 CST 2012
757,Sun Oct 09 17:26:27 CST 2011
134,Wed Jan 23 07:13:43 CST 2013
129,Sun Jul 21 13:29:56 CST 2013
775,Sat Sep 10 15:57:42 CST 2011
378,Sat Oct 22 11:41:28 CST 2011
75,Tue Sep 13 05:16:54 CST 2011
285,Sun Feb 16 11:29:32 CST 2014
596,Tue Dec 25 12:02:06 CST 2012
442,Thu Jul 25 20:49:07 CST 2013
453,Sun Nov 04 11:33:20 CST 2012
354,Sat Aug 04 18:03:47 CST 2012
223,Sat Aug 18 18:16:17 CST 2012
61,Sat Nov 19 17:54:36 CST 2011
504,Thu Nov 24 15:29:11 CST 2011
614,Sat Oct 13 12:26:42 CST 2012
39,Sat Oct 20 19:39:00 CST 2012
50,Mon Jan 23 19:29:19 CST 2012
470,Sat Jan 19 15:21:01 CST 2013
772,Wed Sep 14 09:52:24 CST 2011
334,Thu Apr 18 19:02:16 CST 2013
499,Sat Feb 11 11:31:05 CST 2012
326,Mon Sep 16 00:35:57 CST 2013
181,Sat Jan 05 11:43:12 CST 2013
446,Fri Apr 26 06:36:46 CST 2013
155,Sun Nov 10 11:49:22 CST 2013
808,Sat Apr 30 22:47:07 CST 2011
455,Sun Oct 21 16:34:11 CST 2012
108,Sun Oct 13 15:12:05 CST 2013
202,Mon Oct 29 19:48:52 CST 2012
45,Sun Mar 11 20:45:03 CST 2012
417,Sat Oct 08 04:55:17 CST 2011
611,Sun Oct 28 12:52:48 CST 2012
595,Fri Jan 04 09:20:19 CST 2013
687,Mon Feb 27 11:00:48 CST 2012
469,Sat Jan 19 15:21:03 CST 2013
796,Mon Jul 04 16:11:34 CST 2011
575,Sun Mar 31 12:20:06 CST 2013
264,Sun Apr 08 12:19:29 CST 2012
472,Mon Jan 14 14:16:54 CST 2013
12,Thu Aug 08 19:51:28 CST 2013
513,Fri Apr 04 14:44:16 CST 2014
516,Sat Mar 01 21:18:14 CST 2014
502,Tue Dec 06 12:03:53 CST 2011
579,Thu Feb 28 19:24:46 CST 2013
346,Sat Oct 27 20:26:42 CST 2012
283,Sun Mar 02 18:03:07 CST 2014
744,Mon Oct 24 19:46:48 CST 2011
47,Sat Mar 03 19:13:48 CST 2012
339,Sat Jan 12 21:14:10 CST 2013
316,Sat Jul 14 19:06:13 CST 2012
842,Fri Jan 14 00:07:58 CST 2011
421,Sat Jun 04 20:23:40 CST 2011
407,Sun May 27 12:11:22 CST 2012
599,Sun Dec 16 20:25:15 CST 2012
151,Sun Dec 15 09:55:31 CST 2013
803,Thu May 05 14:52:50 CST 2011
147,Fri Jan 03 10:18:01 CST 2014
226,Sun Aug 05 11:52:17 CST 2012
222,Thu Aug 30 18:05:08 CST 2012
329,Sat Aug 24 14:24:00 CST 2013
395,Fri Dec 27 21:15:30 CST 2013
486,Sat Jun 30 20:30:56 CST 2012
168,Mon Jul 08 11:18:24 CST 2013
345,Sat Nov 24 18:34:07 CST 2012
20,Sun Mar 31 12:21:49 CST 2013
553,Sat Sep 28 11:22:03 CST 2013
780,Thu Sep 01 09:58:19 CST 2011
806,Mon May 02 14:26:27 CST 2011
57,Sat Nov 26 16:34:24 CST 2011
559,Thu Aug 22 18:58:09 CST 2013
150,Sun Dec 15 12:21:03 CST 2013
241,Sun Jul 15 09:10:09 CST 2012
333,Sun Apr 21 18:41:32 CST 2013
461,Thu Oct 27 22:42:41 CST 2011
598,Tue Dec 18 12:21:40 CST 2012
427,Sun Feb 27 16:47:28 CST 2011
424,Mon Apr 04 18:40:54 CST 2011
613,Sat Oct 20 12:39:05 CST 2012
597,Tue Dec 18 12:59:46 CST 2012
466,Fri Jul 01 22:13:51 CST 2011
200,Thu Nov 08 15:43:38 CST 2012
301,Tue Mar 12 17:04:59 CST 2013
705,Thu Jan 26 18:33:36 CST 2012
807,Sat Apr 30 22:47:09 CST 2011
344,Sat Nov 24 19:22:58 CST 2012
539,Mon Nov 11 04:44:53 CST 2013
58,Sat Nov 26 16:33:21 CST 2011
278,Wed Mar 12 21:20:55 CST 2014
633,Fri Aug 10 12:58:18 CST 2012
538,Mon Nov 11 20:30:54 CST 2013
560,Sun Jul 28 19:30:47 CST 2013
797,Mon Jul 04 10:03:34 CST 2011
390,Mon May 12 16:35:22 CST 2014
29,Thu Mar 28 00:20:18 CST 2013
433,Sat Feb 22 18:39:04 CST 2014
307,Sun Nov 04 17:22:01 CST 2012
653,Sat Jun 09 14:26:35 CST 2012
661,Sat May 12 17:30:25 CST 2012
318,Thu Jul 05 05:07:06 CST 2012
296,Wed Sep 25 11:48:56 CST 2013
550,Sat Oct 12 20:20:20 CST 2013
788,Sat Jul 09 11:19:49 CST 2011
187,Mon Dec 24 16:44:04 CST 2012
284,Sat Feb 22 12:08:14 CST 2014
389,Thu Jun 02 12:28:57 CST 2011
131,Fri Jul 19 18:40:36 CST 2013
681,Sun Mar 04 16:30:05 CST 2012
812,Tue Feb 25 19:26:51 CST 2014
743,Tue Oct 25 12:47:01 CST 2011
435,Sat Nov 09 15:38:36 CST 2013
244,Wed Jul 11 19:16:30 CST 2012
292,Sun Nov 24 17:30:02 CST 2013
718,Sun Jan 08 11:40:29 CST 2012
93,Wed Jan 15 19:09:55 CST 2014
141,Tue Nov 22 21:36:17 CST 2011
18,Sun Mar 31 15:48:40 CST 2013
174,Sun Jan 27 10:06:31 CST 2013
517,Tue Feb 25 11:01:34 CST 2014
422,Sat Apr 09 16:14:47 CST 2011
217,Thu Sep 06 16:57:29 CST 2012
350,Sun Sep 16 08:30:52 CST 2012
248,Wed Jul 04 17:34:22 CST 2012
602,Sat Dec 08 19:08:28 CST 2012
607,Sat Nov 03 18:59:27 CST 2012
428,Thu Apr 11 04:10:20 CST 2013
728,Sun Dec 18 19:28:49 CST 2011
751,Sun Oct 16 16:21:23 CST 2011
143,Sun Apr 27 11:11:04 CST 2014
324,Sun Feb 02 16:58:29 CST 2014
9,Sat Oct 12 02:50:04 CST 2013
56,Mon Nov 28 19:48:49 CST 2011
534,Thu Nov 14 02:08:33 CST 2013
608,Sat Nov 03 15:15:17 CST 2012
791,Fri Jul 08 14:41:09 CST 2011
438,Sat Oct 05 09:39:38 CST 2013
282,Tue Mar 04 08:27:26 CST 2014
225,Mon Aug 06 04:12:39 CST 2012
616,Sun Oct 07 22:29:14 CST 2012
381,Sat Sep 10 19:43:25 CST 2011
312,Fri Sep 21 21:08:30 CST 2012
53,Fri Dec 16 19:14:58 CST 2011
566,Wed May 15 10:36:37 CST 2013
725,Sun Dec 25 15:40:12 CST 2011
583,Tue Feb 12 14:17:27 CST 2013
815,Sun Feb 23 12:25:33 CST 2014
52,Sat Dec 17 18:16:51 CST 2011
10,Thu Oct 03 11:59:14 CST 2013
825,Tue Oct 08 02:43:21 CST 2013
631,Sun Aug 19 18:42:10 CST 2012
337,Sun Mar 10 09:53:21 CST 2013
67,Sat Oct 29 17:09:33 CST 2011
406,Sat Jun 16 18:30:50 CST 2012
276,Sat Apr 12 08:46:39 CST 2014
759,Sat Oct 08 18:52:02 CST 2011
643,Sat Jul 07 13:22:24 CST 2012
456,Fri Apr 20 20:18:24 CST 2012
667,Sun Apr 22 16:51:04 CST 2012
258,Mon Apr 30 20:26:17 CST 2012
22,Sat Mar 30 23:22:30 CST 2013
423,Fri Apr 08 12:38:24 CST 2011
783,Fri Aug 26 21:05:14 CST 2011
203,Mon Oct 29 19:48:50 CST 2012
397,Wed Oct 09 16:37:05 CST 2013
756,Sun Oct 09 19:40:49 CST 2011
482,Thu Aug 09 11:42:45 CST 2012
328,Sun Sep 15 22:29:55 CST 2013
565,Sun Jun 23 16:53:03 CST 2013
398,Thu Jul 11 14:52:20 CST 2013
520,Sat Feb 01 19:39:58 CST 2014
635,Mon Jul 30 12:10:30 CST 2012
31,Tue Mar 26 23:13:13 CST 2013
650,Sun Jun 17 12:53:57 CST 2012
713,Sat Jan 21 14:10:11 CST 2012
758,Sun Oct 09 15:03:06 CST 2011
365,Wed Jun 06 14:27:25 CST 2012
752,Sun Oct 16 14:25:42 CST 2011
477,Wed Oct 03 17:43:53 CST 2012
399,Wed Jul 10 12:29:15 CST 2013
551,Thu Oct 10 11:47:10 CST 2013
805,Tue May 03 14:37:50 CST 2011
172,Sat Feb 23 01:02:34 CST 2013
49,Mon Jan 23 19:30:27 CST 2012
25,Fri Mar 29 16:12:47 CST 2013
142,Thu Sep 15 22:25:20 CST 2011
813,Tue Feb 25 17:46:28 CST 2014
782,Sat Aug 27 09:25:51 CST 2011
32,Tue Mar 26 12:46:28 CST 2013
490,Thu Jun 21 18:13:53 CST 2012
251,Sun Jun 24 17:57:50 CST 2012
64,Mon Nov 07 20:28:32 CST 2011
179,Wed Jan 16 18:33:36 CST 2013
674,Sat Mar 31 14:37:45 CST 2012
710,Thu Jan 26 09:26:16 CST 2012
256,Thu May 17 18:57:31 CST 2012
711,Wed Jan 25 17:23:55 CST 2012
145,Tue Jan 21 10:43:42 CST 2014
678,Sat Mar 17 19:42:32 CST 2012
836,Sat Sep 28 19:26:13 CST 2013
250,Wed Jun 27 18:02:49 CST 2012
774,Sun Sep 11 11:58:17 CST 2011
679,Sat Mar 17 19:34:10 CST 2012
545,Fri Nov 08 18:45:42 CST 2013
38,Fri Oct 26 21:22:48 CST 2012
624,Sun Sep 16 19:27:46 CST 2012
239,Tue Jul 17 09:29:32 CST 2012
175,Wed Jan 23 19:29:11 CST 2013
139,Mon Dec 26 02:01:47 CST 2011
628,Sat Sep 01 16:56:25 CST 2012
133,Tue Jul 09 22:43:57 CST 2013
176,Sun Jan 20 16:44:00 CST 2013
708,Thu Jan 26 13:13:44 CST 2012
321,Tue Jul 03 18:54:59 CST 2012
764,Sat Oct 01 15:14:16 CST 2011
122,Fri Jul 26 20:34:20 CST 2013
320,Wed Jul 04 12:58:35 CST 2012
268,Tue Feb 14 20:17:34 CST 2012
42,Sat Jun 23 11:50:45 CST 2012
238,Tue Jul 17 19:44:47 CST 2012
814,Sun Feb 23 20:23:24 CST 2014
654,Sat Jun 09 11:48:02 CST 2012
563,Tue Jul 16 20:15:37 CST 2013
291,Tue Dec 17 07:32:08 CST 2013
434,Mon Nov 11 20:14:35 CST 2013
787,Sun Jul 10 12:45:11 CST 2011
92,Wed Jan 15 20:02:33 CST 2014
76,Sat Mar 19 15:41:31 CST 2011
763,Sun Oct 02 14:51:45 CST 2011
208,Thu Oct 18 19:34:13 CST 2012
535,Wed Nov 13 04:14:21 CST 2013
527,Tue Dec 24 20:15:39 CST 2013
632,Sun Aug 12 17:42:45 CST 2012
668,Sat Apr 21 18:49:24 CST 2012
549,Sat Oct 26 10:27:11 CST 2013
655,Tue May 22 20:51:44 CST 2012
314,Mon Aug 27 09:07:36 CST 2012
249,Mon Jul 02 18:01:50 CST 2012
695,Sat Feb 25 08:26:03 CST 2012
144,Fri Apr 25 11:11:18 CST 2014
593,Sat Jan 26 14:57:15 CST 2013
214,Fri Sep 21 19:46:30 CST 2012
676,Sun Mar 25 14:23:01 CST 2012
543,Sat Nov 09 02:01:05 CST 2013
68,Thu Oct 27 22:15:45 CST 2011
689,Sun Feb 26 19:13:56 CST 2012
383,Sun Sep 04 11:37:03 CST 2011
37,Sat Nov 24 19:13:09 CST 2012
317,Thu Jul 05 08:13:00 CST 2012
375,Sat Dec 17 18:16:05 CST 2011
478,Sat Sep 01 20:27:54 CST 2012
721,Sun Jan 01 18:02:08 CST 2012
372,Sat Jan 21 20:20:08 CST 2012
107,Fri Nov 08 20:09:51 CST 2013
348,Tue Sep 18 08:45:44 CST 2012
508,Tue Apr 22 12:25:04 CST 2014
159,Sat Oct 19 09:49:02 CST 2013
277,Tue Apr 08 18:01:49 CST 2014
332,Sun Apr 28 14:51:15 CST 2013
163,Sun Sep 15 09:57:08 CST 2013
698,Sat Feb 11 09:57:34 CST 2012
418,Wed Oct 05 09:25:59 CST 2011
544,Fri Nov 08 18:49:42 CST 2013
694,Sat Feb 25 16:45:08 CST 2012
781,Sat Aug 27 13:45:24 CST 2011
795,Tue Jul 05 18:21:44 CST 2011
274,Sat May 10 13:32:38 CST 2014
294,Sun Oct 27 13:28:25 CST 2013
709,Thu Jan 26 11:03:37 CST 2012
319,Wed Jul 04 17:30:10 CST 2012
536,Tue Nov 12 03:01:08 CST 2013
578,Sun Mar 03 14:31:21 CST 2013
747,Sun Oct 23 11:19:20 CST 2011
114,Fri Oct 04 20:42:29 CST 2013
99,Tue Dec 24 19:21:31 CST 2013
518,Sun Feb 16 14:01:33 CST 2014
218,Tue Sep 04 17:15:05 CST 2012
819,Mon Oct 14 07:56:46 CST 2013
638,Sat Jul 21 19:32:36 CST 2012
717,Sun Jan 08 16:22:53 CST 2012
479,Sun Aug 19 11:32:33 CST 2012
430,Sun Jul 03 22:50:24 CST 2011
515,Sat Mar 08 09:28:55 CST 2014
750,Sun Oct 16 18:53:13 CST 2011
224,Mon Aug 06 08:50:37 CST 2012
748,Wed Oct 19 18:56:55 CST 2011
46,Sat Mar 10 16:40:04 CST 2012
784,Wed Aug 24 17:07:53 CST 2011
457,Sun Mar 25 16:38:51 CST 2012
458,Thu Jan 26 10:25:04 CST 2012
834,Mon Sep 30 18:05:08 CST 2013
525,Sat Jan 04 20:05:00 CST 2014
760,Sat Oct 08 18:20:30 CST 2011
77,Tue Mar 01 00:32:53 CST 2011
588,Thu Feb 07 18:35:10 CST 2013
219,Mon Sep 03 19:06:54 CST 2012
410,Mon Apr 16 16:15:33 CST 2012
426,Sun Feb 27 17:07:20 CST 2011
734,Wed Nov 23 08:50:22 CST 2011
562,Sat Jul 20 09:21:41 CST 2013
351,Sat Sep 15 16:43:43 CST 2012
69,Sat Oct 22 19:01:20 CST 2011
300,Sat Aug 24 19:30:22 CST 2013
148,Sun Dec 29 11:06:21 CST 2013
506,Thu May 01 13:04:38 CST 2014
441,Sat Aug 10 20:56:27 CST 2013
837,Sat Mar 16 19:45:21 CST 2013
273,Sun May 11 15:26:13 CST 2014
690,Sun Feb 26 16:53:23 CST 2012
646,Tue Jun 26 12:22:27 CST 2012
313,Fri Sep 21 12:40:10 CST 2012
262,Wed Apr 25 19:27:26 CST 2012
243,Fri Jul 13 21:36:35 CST 2012
199,Fri Nov 09 17:46:08 CST 2012
720,Fri Jan 06 20:54:05 CST 2012
366,Sat May 26 18:22:12 CST 2012
340,Wed Dec 26 01:01:00 CST 2012
420,Sat Jun 18 13:54:14 CST 2011
376,Mon Nov 21 20:56:34 CST 2011
449,Sun Feb 10 18:07:17 CST 2013
402,Fri Nov 23 19:29:51 CST 2012
405,Fri Jun 29 00:52:21 CST 2012
1,Sun May 04 15:54:02 CST 2014
793,Thu Jul 07 15:40:27 CST 2011
323,Sun May 20 16:38:29 CST 2012
800,Fri May 06 08:41:15 CST 2011
240,Sun Jul 15 17:21:57 CST 2012
733,Thu Dec 01 11:59:49 CST 2011
161,Sun Sep 22 13:54:34 CST 2013
584,Sun Feb 10 17:28:02 CST 2013
15,Sat Jul 13 20:09:37 CST 2013
16,Mon Apr 01 00:05:12 CST 2013
267,Sat Mar 17 14:19:17 CST 2012
235,Sun Jul 22 08:38:40 CST 2012
685,Mon Feb 27 11:15:19 CST 2012
723,Sun Jan 01 15:05:49 CST 2012
448,Sun Mar 10 15:01:24 CST 2013
304,Sat Nov 24 17:55:39 CST 2012
564,Sat Jul 13 15:12:11 CST 2013
206,Sat Oct 20 10:52:55 CST 2012
568,Sun May 05 19:18:50 CST 2013
212,Mon Oct 01 17:39:34 CST 2012
182,Sat Jan 05 11:00:39 CST 2013
820,Fri Oct 11 06:35:13 CST 2013
493,Tue Mar 20 12:11:22 CST 2012
207,Sat Oct 20 10:51:48 CST 2012
700,Tue Jan 31 11:35:10 CST 2012
60,Sat Nov 19 19:41:05 CST 2011
769,Sat Sep 17 15:03:04 CST 2011
216,Fri Sep 07 17:53:45 CST 2012
821,Fri Oct 11 06:10:09 CST 2013
669,Sun Apr 08 14:16:19 CST 2012
394,Fri Jan 17 19:52:37 CST 2014
396,Sat Oct 19 19:32:54 CST 2013
497,Thu Feb 16 22:52:50 CST 2012
363,Wed Jun 06 17:06:29 CST 2012
188,Sun Dec 23 07:55:51 CST 2012
503,Sun Dec 04 23:09:13 CST 2011
557,Fri Sep 06 11:00:03 CST 2013
622,Tue Sep 25 09:54:25 CST 2012
8,Fri Nov 01 20:12:15 CST 2013
530,Sat Dec 14 00:06:09 CST 2013
210,Thu Oct 11 02:02:14 CST 2012
512,Sat Apr 05 18:06:28 CST 2014
571,Sat Apr 06 19:48:37 CST 2013
229,Sat Aug 04 10:43:35 CST 2012
330,Mon Jul 01 00:08:58 CST 2013
156,Sat Nov 09 18:45:50 CST 2013
649,Mon Jun 18 13:24:14 CST 2012
696,Sun Feb 19 14:02:58 CST 2012
467,Sun May 04 14:03:29 CST 2014
290,Tue Dec 17 12:50:06 CST 2013
429,Mon Apr 16 16:15:42 CST 2012
682,Mon Feb 27 16:31:34 CST 2012
684,Mon Feb 27 14:44:10 CST 2012
353,Sun Aug 05 15:27:38 CST 2012
132,Wed Jul 17 21:26:20 CST 2013
299,Tue Aug 27 21:32:15 CST 2013
778,Sun Sep 04 17:24:12 CST 2011
349,Sun Sep 16 18:16:07 CST 2012
641,Wed Jul 18 19:08:16 CST 2012
701,Sun Jan 29 16:18:20 CST 2012
26,Fri Mar 29 14:49:28 CST 2013
440,Thu Sep 26 18:58:48 CST 2013
368,Thu Apr 26 20:05:17 CST 2012
505,Mon May 05 20:02:56 CST 2014
663,Sat May 05 21:32:00 CST 2012
115,Fri Oct 04 20:32:19 CST 2013
95,Sun Jan 12 17:22:57 CST 2014
582,Thu Feb 14 08:42:30 CST 2013
592,Sun Jan 27 15:47:22 CST 2013
409,Sun Apr 29 05:07:17 CST 2012
65,Sun Nov 06 01:29:54 CST 2011
828,Sat Oct 05 22:26:45 CST 2013
30,Wed Mar 27 15:27:28 CST 2013
194,Thu Nov 22 13:43:25 CST 2012
637,Sun Jul 22 16:03:59 CST 2012
305,Fri Nov 23 19:36:05 CST 2012
362,Sat Jun 09 13:09:46 CST 2012
193,Sat Dec 08 19:12:54 CST 2012
665,Sat May 05 14:36:44 CST 2012
33,Mon Mar 25 22:33:43 CST 2013
706,Thu Jan 26 16:26:47 CST 2012
715,Fri Jan 13 21:25:35 CST 2012
338,Sun Jan 20 17:21:51 CST 2013
465,Tue Jul 12 11:48:39 CST 2011
373,Tue Jan 17 23:35:17 CST 2012
380,Mon Sep 19 20:59:25 CST 2011
123,Sun Jul 21 14:18:54 CST 2013
192,Tue Dec 11 10:51:40 CST 2012
54,Sun Dec 11 16:36:07 CST 2011
140,Wed Nov 30 20:56:14 CST 2011
773,Sun Sep 11 15:20:05 CST 2011
386,Fri Jul 22 00:52:06 CST 2011
833,Mon Sep 30 19:15:48 CST 2013
827,Mon Oct 07 01:23:28 CST 2013
355,Sun Jul 29 14:22:37 CST 2012
522,Sun Jan 12 18:06:10 CST 2014
91,Wed Jan 15 21:20:25 CST 2014
117,Fri Sep 06 19:09:59 CST 2013
73,Thu Sep 29 18:46:12 CST 2011
670,Sat Apr 07 13:37:38 CST 2012
594,Sun Jan 06 17:37:59 CST 2013
739,Sun Nov 06 18:32:46 CST 2011
737,Sat Nov 12 17:59:03 CST 2011
371,Mon Feb 13 15:48:52 CST 2012
186,Thu Dec 27 15:22:59 CST 2012
169,Sun Apr 28 07:54:26 CST 2013
358,Wed Jul 25 07:53:12 CST 2012
21,Sun Mar 31 09:10:02 CST 2013
481,Fri Aug 17 20:51:04 CST 2012
261,Fri Apr 27 17:37:09 CST 2012
425,Fri Apr 01 12:33:27 CST 2011
303,Sat Nov 24 19:16:23 CST 2012
476,Wed Oct 03 19:31:31 CST 2012
246,Sun Jul 08 17:56:22 CST 2012
443,Fri Jun 21 17:13:43 CST 2013
561,Sat Jul 27 20:24:57 CST 2013
816,Thu Oct 17 10:23:11 CST 2013
130,Sun Jul 21 13:29:55 CST 2013
385,Sat Aug 13 16:10:21 CST 2011
227,Sun Aug 05 09:02:15 CST 2012
119,Thu Sep 05 20:34:12 CST 2013
719,Sat Jan 07 19:17:42 CST 2012
364,Wed Jun 06 16:44:09 CST 2012
295,Sat Oct 26 19:58:44 CST 2013
43,Tue Jun 05 19:13:05 CST 2012
153,Sat Nov 23 09:31:28 CST 2013
183,Wed Jan 02 09:45:15 CST 2013
110,Wed Oct 09 19:36:02 CST 2013
617,Sun Oct 07 12:01:10 CST 2012
401,Sat Apr 06 18:42:16 CST 2013
178,Sat Jan 19 10:20:57 CST 2013
625,Sun Sep 09 09:23:07 CST 2012
839,Sun Mar 18 20:19:11 CST 2012
822,Thu Oct 10 06:07:28 CST 2013
651,Sun Jun 10 09:55:09 CST 2012
185,Fri Dec 28 10:13:26 CST 2012
707,Thu Jan 26 15:30:52 CST 2012
542,Sun Nov 10 02:25:52 CST 2013
809,Fri Apr 29 22:03:42 CST 2011
436,Fri Oct 11 17:36:21 CST 2013
471,Thu Jan 17 12:09:53 CST 2013
620,Wed Sep 26 09:10:17 CST 2012
27,Fri Mar 29 00:47:05 CST 2013
387,Sat Jul 16 10:23:23 CST 2011
586,Sat Feb 09 06:36:55 CST 2013
652,Sat Jun 09 15:32:29 CST 2012
498,Thu Feb 16 22:52:49 CST 2012
605,Mon Nov 26 10:15:02 CST 2012
287,Thu Feb 06 21:15:09 CST 2014
537,Mon Nov 11 22:48:13 CST 2013
688,Sun Feb 26 20:53:57 CST 2012
603,Sat Dec 08 18:19:48 CST 2012
804,Tue May 03 22:23:13 CST 2011
360,Sun Jun 24 04:33:30 CST 2012
610,Wed Oct 31 19:37:00 CST 2012
297,Fri Sep 20 05:54:02 CST 2013
116,Fri Sep 27 22:28:47 CST 2013
59,Tue Nov 22 21:24:19 CST 2011
196,Sun Nov 18 15:50:13 CST 2012
331,Fri Jun 14 07:47:53 CST 2013
352,Sun Aug 05 17:51:49 CST 2012
234,Thu Jul 26 13:45:45 CST 2012
367,Thu Apr 26 22:19:50 CST 2012
23,Sat Mar 30 20:13:02 CST 2013
71,Sun Oct 16 14:55:40 CST 2011
581,Sat Feb 16 18:26:05 CST 2013
677,Sat Mar 24 21:31:41 CST 2012
526,Wed Jan 01 12:14:51 CST 2014
357,Wed Jul 25 12:49:14 CST 2012
170,Sat Mar 02 12:48:20 CST 2013
572,Thu Apr 04 14:10:59 CST 2013
844,Sun Feb 16 01:19:41 CST 2014
121,Sun Jul 28 23:18:36 CST 2013
574,Tue Apr 02 07:35:08 CST 2013
785,Tue Aug 23 11:15:10 CST 2011
484,Fri Jul 13 23:25:35 CST 2012
794,Wed Jul 06 13:58:44 CST 2011
697,Sat Feb 18 19:14:53 CST 2012
494,Sat Mar 17 16:21:36 CST 2012
523,Sat Jan 11 19:34:46 CST 2014
570,Sun Apr 14 16:24:23 CST 2013
221,Sat Sep 01 19:40:28 CST 2012
672,Wed Apr 04 11:04:43 CST 2012
124,Sun Jul 21 13:29:57 CST 2013
152,Sat Dec 07 08:17:35 CST 2013
615,Wed Oct 10 21:45:52 CST 2012
776,Tue Sep 06 20:24:45 CST 2011
732,Fri Dec 02 13:19:37 CST 2011
392,Sun May 11 01:58:22 CST 2014
198,Sat Nov 17 17:26:07 CST 2012
263,Sun Apr 08 18:43:00 CST 2012
391,Mon May 12 01:12:33 CST 2014
118,Fri Sep 06 18:53:16 CST 2013
404,Fri Jun 29 01:27:04 CST 2012
567,Tue May 14 17:02:18 CST 2013
137,Sat Jun 23 11:53:19 CST 2012
158,Sat Oct 26 18:02:31 CST 2013
556,Tue Sep 17 10:33:34 CST 2013
63,Thu Nov 10 23:55:51 CST 2011
634,Sat Aug 04 18:31:49 CST 2012
704,Thu Jan 26 21:20:44 CST 2012
712,Sat Jan 21 18:25:18 CST 2012
741,Sun Oct 30 15:21:23 CST 2011
790,Fri Jul 08 14:56:23 CST 2011
824,Tue Oct 08 22:11:03 CST 2013
841,Tue Dec 06 00:07:40 CST 2011
489,Thu Jun 21 18:13:54 CST 2012
636,Sun Jul 29 14:08:18 CST 2012
648,Sun Jun 24 14:31:05 CST 2012
591,Tue Jan 29 09:47:46 CST 2013
726,Sat Dec 24 18:35:55 CST 2011
488,Thu Jun 28 16:26:05 CST 2012
94,Sun Jan 12 18:36:53 CST 2014
41,Wed Aug 08 18:43:04 CST 2012
754,Wed Oct 12 09:45:29 CST 2011
80,Mon Apr 07 18:49:29 CST 2014
619,Sat Sep 29 21:57:57 CST 2012
640,Fri Jul 20 15:17:51 CST 2012
13,Sat Aug 03 17:32:38 CST 2013
201,Sat Nov 03 17:13:33 CST 2012
149,Mon Dec 23 10:59:26 CST 2013
232,Sun Jul 29 07:43:18 CST 2012
483,Thu Aug 09 11:42:44 CST 2012
279,Wed Mar 12 12:20:11 CST 2014
257,Wed May 16 20:45:06 CST 2012
72,Sun Oct 16 13:22:22 CST 2011
736,Sat Nov 19 14:27:17 CST 2011
236,Sat Jul 21 23:05:51 CST 2012
62,Sat Nov 19 17:16:20 CST 2011
683,Mon Feb 27 15:49:54 CST 2012
829,Sat Oct 05 00:45:00 CST 2013
177,Sun Jan 20 09:17:56 CST 2013
519,Mon Feb 03 19:20:13 CST 2014
255,Sat May 19 15:00:44 CST 2012
770,Sat Sep 17 09:24:20 CST 2011
840,Tue Dec 06 00:21:42 CST 2011
215,Tue Sep 11 08:58:47 CST 2012
606,Sun Nov 18 10:26:23 CST 2012
507,Sat Apr 26 09:32:07 CST 2014
765,Sat Oct 01 13:11:32 CST 2011
843,Sat Oct 30 12:34:56 CST 2010
36,Sun Dec 23 13:37:56 CST 2012
266,Sun Apr 01 09:10:07 CST 2012
454,Sat Nov 03 20:36:57 CST 2012
768,Sun Sep 25 12:26:41 CST 2011
325,Sun Feb 02 13:44:37 CST 2014
180,Mon Jan 07 17:12:00 CST 2013
431,Tue May 03 21:53:43 CST 2011
167,Sun Aug 18 07:23:31 CST 2013
359,Mon Jul 23 04:17:36 CST 2012
195,Thu Nov 22 13:36:59 CST 2012
109,Sun Oct 13 12:51:13 CST 2013
205,Sun Oct 21 10:25:31 CST 2012
761,Thu Oct 06 12:00:32 CST 2011
74,Thu Sep 15 20:04:42 CST 2011
311,Sun Oct 14 11:31:53 CST 2012
532,Sat Nov 30 16:16:40 CST 2013
847,Tue Jun 11 23:22:58 CST 2013
777,Sun Sep 04 18:00:19 CST 2011
259,Sun Apr 29 20:42:48 CST 2012
731,Sat Dec 03 18:57:44 CST 2011
7,Tue Dec 03 22:02:08 CST 2013
160,Wed Oct 16 22:13:53 CST 2013
657,Thu May 17 09:47:45 CST 2012
811,Tue Aug 12 09:59:14 CST 2008
40,Sat Sep 15 19:34:46 CST 2012
135,Fri Jan 18 18:01:53 CST 2013
496,Mon Mar 05 10:53:27 CST 2012
573,Tue Apr 02 13:12:46 CST 2013
789,Fri Jul 08 17:19:43 CST 2011
656,Sat May 19 11:57:07 CST 2012
680,Sat Mar 17 18:14:33 CST 2012
190,Sat Dec 22 09:26:38 CST 2012
480,Sun Aug 19 11:32:25 CST 2012
589,Thu Feb 07 16:32:24 CST 2013
626,Sun Sep 09 09:18:31 CST 2012
740,Sun Nov 06 15:39:42 CST 2011
531,Mon Dec 09 23:01:52 CST 2013
533,Thu Nov 28 12:04:05 CST 2013
463,Sun Jul 17 13:05:59 CST 2011
792,Thu Jul 07 18:39:10 CST 2011
577,Sat Mar 09 19:34:42 CST 2013
645,Sun Jul 01 13:05:24 CST 2012
738,Sat Nov 12 16:29:35 CST 2011
753,Sun Oct 16 13:06:22 CST 2011
220,Sun Sep 02 12:11:37 CST 2012
302,Sat Jan 19 20:30:17 CST 2013
686,Mon Feb 27 11:01:50 CST 2012
671,Fri Apr 06 21:42:49 CST 2012
826,Mon Oct 07 04:06:02 CST 2013
832,Wed Oct 02 08:56:08 CST 2013
286,Fri Feb 07 09:25:55 CST 2014
189,Sat Dec 22 22:00:51 CST 2012
