0	吃海鮮，天氣超好，人爆多，祝大家Happy monter's day
1	開好久，超塞車的!
2	看電視介紹打卡記錄，有機會可以去
3	喝晚茶!
4	null
5	好多人，人擠人熱死了！
來探探路(￣?￣)
6	吃飯飯了！
7	路過……╮(╯_╰)╭
辛苦的警察
不死心的民眾
發財的生意人
全部聚集在這裡!
8	Good morning !
9	今天也有認真喔！
下課回家囉
10	下課回家囉！
以後繼續認真,(≧3≦) go go go!
11	今天一樣，早安，台北!
(￣?￣)
12	早安，台北( ’▽` )?
13	悠閒的下午茶， 謝謝吳專員泡的咖啡喔！
14	清明掃墓囉！
15	好吃的牛排!
16	打卡送可樂呦！
17	晚餐，開動囉！
18	開唱了喔！！
好大的包箱喔！
19	昨天睡不好，心情Downing…
20	家庭聚餐囉，好好吃哦！
21	廠商春酒，席開百桌!
22	低溫的半夜，超熱血的(≧?≦)
帶著兩個老人家去看“鐵獅玉玲瓏
現在偶要晚安了！(-_-) zzz
23	拜天公，求平安！
24	不是飯吃飽，是零食吃好飽!
抽到獎比較重要！
25	什麼爛點子，好無趣的表演，我想睡午覺！
26	到了！今天的盛會！
27	吃廠商尾牙呦！
謝謝所長的邀請。
28	今天晚上真的十全烏骨雞好澎湃哦…好補！
謝謝主任的邀請。。
29	美好的下午就該如此才對！
30	null
31	聚餐囉！
超飽…………ing!
32	好好吃！
33	今天的天氣很好，太陽公公好可愛！
34	祝福你們喔！
（哈……剛才忘了連新人一起打卡，現在補上一下）
35	今天真的很冷，但是還是要不怕留鼻水……嘻嘻！
36	祝新人幸福美滿哦！
37	我來了……傳說中高雄最大的夜市＆吃土盆栽……哈！
38	吃蕃茄囉！
39	金山、九份文化之員工旅遊
40	金山吃鴨肉，好久沒來了！
41	看完電影，放飯了
42	今天是怎樣的日子呀？！
怎麼爆多人看電影呀！
我跟我可愛的阿媽來看早鳥場……哈
43	開飯了！
44	null
45	大溪天氣超好！
拜拜順便曬曬太陽哦！
46	大家早安！
工作真的有累到，早上哈欠打不停，眼睛沒有爭全開！
睡不飽！
47	敏愉，我也要學你吃韓國料理……哈哈！
48	客戶服務囉！！
49	我是早起鳥兒萬步走∼Go Go Go!!
50	喬傑生日快樂哦！
51	開喝了！
好high哦！
52	客戶服務！！
53	我的心肝寶貝生病了要住院檢查，嗚…………不……希望是誤會一場！
54	null
55	今天的我！！
Very good!
56	VIP室 咖啡饗宴
57	吃喜宴囉！
又到了紅色炸彈的季節了！
58	一個人的午餐。
感謝阿姐的愛心！
59	null
60	比基尼辣妹來囉！
61	秋蟹好味道！！
62	M3好好看喔！也很好開耶！
有朋友想買找我喔！絕對有優惠。
63	超好吃的芭樂＆菜脯紅豆餅
謝謝梅子姨的愛心晚餐！！
64	真的滿好逛的，而且剛好是週年慶∼哈哈！！
65	大家早安……
嘻︿∼︿……我在那裡呀？！
66	最最最……厲害的燉12小時的招牌雞湯＆噴火火山圓鱈頭……噢麥尬，真的太好吃又營養了！
67	真的好好吃！
68	哇…超漂亮又好吃的創意菜，真的很特別呦！
69	DIY手作南瓜披薩呦！
70	放大版的糖葫蘆＆可愛的小童子！啾∼
71	今天第一站
我來了！
72	逛夜市囉！
懷念一下！
73	我化身為原住民公主
還有我的手工吊飾“大豐收”！！
74	公司旅遊……出發囉！！
75	喝咖啡吹冷氣囉
悠閒的星期六！！
76	有誰要托我買東西呀？！
快喔！只限中壢的朋友們
77	就是要喝星巴克！！
78	偶來了！
79	喝下午茶囉！
80	天氣很好呦！
81	下午茶時間到囉！！風好舒爽……呦！
82	天氣好好喔！心情好！
83	好緊張
84	晚餐！
85	晚餐中！！
86	吃消夜！
87	吃喜宴
88	下午茶時間到了！
89	爆多人……排隊等爆久的
90	今天天氣晴 心情晴！！
91	早起爬山身體好……
92	早安呦！
93	喝一下！
94	我的午餐，開動了！
95	吃消夜囉！
96	車好多！
97	單身美女終於出嫁了，一定會幸福美滿滴！
98	美麗的幸福莊園...
99	我變瘦了……嗚！
100	謝謝阿佩哥的愛心呦！
101	謝謝阿佩哥的愛心呦！
102	噢…花錢消災……Good
103	吃飯囉！
104	飽爆了！
105	超多人好熱鬧 ，很有古早味喔！
106	熱死了……天氣爆好的
107	進香囉！
108	第一站 休息一下囉！
109	早安，出發囉！
110	好可愛的店喔！
111	超新鮮又好吃
112	Go~出遊去
113	看吧！我漂亮的手（；＿；）
114	尾牙囉
115	今天很認真，連續上兩堂課，手好酸喔！
116	null
117	新的2013 新的髮型呦！
118	null
119	null
120	null
121	新店開幕，超熱鬧的陣容，超可愛的電音三太子
122	今天是星期三吧??像假日一樣人多到爆
123	好吃的來囉!
124	來上課囉
125	運動完要回家囉!
126	哇，今天的喜宴菜單真的是很豐富呦!
有大秋蟹.大干貝...還有蟹肉羹 真的是很多海鮮...
127	到半路了，繼續向雪隧前進囉
128	飯後來一杯星巴克真好!
我的小7city裝大杯剛剛好!
129	健身房裡真的可以常常看到身材很好的猛男耶!
偷看了一下真的會有臉紅的fu喔!
CC.....:P — 在 World Gym 世界健身 中壢分館 。
130	好好喝，真的好喝喔!
131	這裡超多可怕的小惡魔呦！
132	出發囉
133	真的後悔跟一個無聊的人
134	吃喜宴囉!菜好像看起來很棒喔!
135	吃喜宴喔!
136	null
137	我真的是頭殼壞了，我居然到了客戶家才發現我要給的東西忘記帶••••••我真的會被自己氣死•••((((；???)))))))噢••••
138	null
139	又甜又香的有機水果玉米，超好吃?(＠???＠)?
謝謝親愛的阿箱阿姨辛苦種的愛心！
140	寶貝車看診中••••
中午時刻”等待”總是另人很想睡覺(@￣ρ￣@)
141	醫院真的很大會迷路
142	null
143	相聚歡，哈!
144	菜很好喔...烤大蝦呦!
145	null
146	恭喜新娘子
147	買飯
148	買飯糰
149	打工中....
150	null
151	晚會開始囉...肚子好飽喔!
152	貼一下囉!
153	打卡
154	GO 了
155	null
156	我今天連跳兩堂很認真
157	做完運動要回家囉
158	剛才很認真的跳完BODYJAM，我是啵棒的早鳥 ....啾
159	null
160	null
161	null
162	null
163	null
164	null
165	null
166	吃晚飯....
167	喝咖啡囉
168	null
169	null
170	null
171	null
172	跳躍的我...
173	null
174	夕陽無限好....
175	null
176	null
177	null
178	null
179	null
180	null
181	好美的景色
182	星期六的晚上居然是如此冷清的休息站
183	排隊一下還好人沒很多
184	陪老公&小孩吃早餐
185	這下車就濕透了吧！坐著等等
186	泡泡腳
187	吃冰棒
188	吃飯了
189	真好，平日真悠閒
190	早上帶兩個寶貝去Ikea吃早餐，兒子吃飽去球屋玩一個小時，姐姐寫功課我呢看書準備１２號考試題目，接著還是吃午餐，接著送姐姐上Diy點心班!
我隱形眼鏡不見快一個月上個禮拜日老公帶我去結果他們休息，於是今天我又帶著兒子到莊敬路配隱形眼鏡，緊接著在坐公車到大同親子館，兒子五點結束我在回點心班接小公主！晚上６：３０再去基督書院看亞東劇團的戲劇真是…真是個好充實的星期六
191	吃火鍋
192	哇！跟老公的廠商吃飯，還這麼多菜，不過已經甲霸啦
193	天天都是玩火車
194	花十元找樂子
195	玩石頭Part2，兩個寶貝愛上玩石頭
196	洗好香香啦！小孩還要看魚，都不會累，可是我累了啦！
197	玩石頭
198	好熱喔！吃個涼快的
199	帶兩個寶貝吃早餐
200	評估居然整場有七位老師，兒子表現很棒喔！
201	準備下課準備下一堂課程今天真忙
202	甜蜜下午茶
203	好冷，吃火鍋
204	好冷來上課運動啦！
205	陪兒子玩耍
206	帶寶貝吃早餐
207	感謝主，請各位弟兄姐妹幫我外婆劉翁春燕代禱，外婆在上個月１６日摔倒至今兩腿疼痛到無法行走在雙和醫院急診室中準備住院，請各位幫忙代禱求神醫治的大能醫治外婆的雙腳
208	玩累了，逛累了，吃飽了，真是享受人生
209	跟老公來晃晃順便吃晚餐
210	來外婆家拜年
211	晚餐吃這個啦！
212	我們都是小幫手
213	野餐順便曬太陽
214	帶大公主小王子來玩玩+拍照
215	來跑一跑
216	來曬太陽
217	來好朋友這，變美美ing
218	玫瑰小組聚餐
219	小可愛
220	吃午餐
221	謝謝臺北醫院老師送的聖誕節禮物
222	運動一下
223	晚餐時間
224	我們是可愛藝術家
225	聖誕節活動Diy馬賽克
226	晚上耶誕節晚會，準備中
227	null
228	皓文耶誕節表演，準備中！
229	感謝主，今天一切真是美好
230	聽詩歌過耶誕
231	吃午餐
232	這隻柴犬寶貝在找爸爸媽媽喔！有想要要領養的告訴我
233	吃午餐
234	吃晚餐啦
235	跟老公拍一下
236	談完生意來吹吹風
237	幸運的９：５９，吃早餐送咖啡是到１３日結束，不過請注意是要在十點前結帳才有此優惠喔
238	失夢者記事
239	從小培養音樂素養
240	皓婷寶貝運動會
241	跟老公兒子提早來看聖誕老人爬樹
242	等等還要看醫生先運動一下
243	null
244	大家一起來歡迎我們的黑妹
245	萬聖節走秀
246	孩子們玩蛇板
247	聽故事
248	遇見彩虹，今天談的事情擁有主的祝福！
249	玫瑰小組聚餐&泡湯
250	null
251	大人小孩都來跟醫師聊聊天
252	騎卡打恰
253	劉牧師來吃飯聊神的話
254	姐姐嫁女兒
255	三十二周年義賣開始
256	吃午餐
257	和好朋友一起用餐
258	以為開幕了結果還沒下禮拜再來吧
259	老闆娘請喝咖啡談生意
260	帶弟弟來玩
261	女兒跟老公去Baby Boss我跟兒子來這裡玩
262	兒子想吃，所以來了
263	中場吃點心
264	好看的信值得再看「天堂邊緣」
265	來散散步
266	煮好了，今天姑姑來家裡送喜帖一起吃飯
267	吃晚餐
268	宵夜場吃點東西聊聊心事
269	和好朋友吃飯
270	《天堂邊緣》
271	詩班聚餐
272	《天堂邊緣》準備開始
273	今天的節目：《天堂邊緣》音樂劇
274	謝謝辛苦的老公連早餐都來不及吃外帶！今天有兩個點要變更用電現場測負載，而我呢，吃早餐等老公！
275	祝小愷生日快樂喔！
276	出發，烤肉去
277	開心的孩子
278	吃早餐
279	你使我心裡快樂，勝過那豐收五穀新酒的人。            詩篇四章七節

早安，今天星期三一樣是要陪兒子在臺北醫院上課，所以在醫院的萊爾富買早餐看到門口扭蛋是玩具總動員的手錶就跟兒子邊投錢邊禱告，主阿，皓文不要骷髏頭的請給皓文胡迪的，阿門，結果轉完居然沒有東西掉下來！所以只好請萊爾富叔叔幫忙看一下，於是叔叔拿鑰匙打開問皓文你想要哪一個圖案！
  感謝主，你不但沒有給皓文骷髏頭的你直接給他「心裡所想的」謝謝耶穌，讓我們知道你是信實的神超過我們心裡所求所想的，感謝主，阿門！
280	我親愛的老公真是太棒了好有才華喔！這是明天兒子中秋節活動的「柚子憤怒鳥」
281	與最愛的家人吃飯
282	昨天沒吃到今天終於一飽口福
283	黃國倫……演唱我願意
284	聽音樂會
285	第二輪
286	吃飽飽等等聽音樂會
287	詩班練詩
288	吃飽了
289	阿金等等見
290	便宜又好吃
291	土城也有懷舊餐廳親民的價位口味還不錯
292	上課了
293	第二次會議，談詳細細節
294	好棒的訂婚典禮
295	祝福的婚禮
296	試聽Auto Cad
297	上職能課好好玩
298	小孩寫功課
299	感謝主這次不是吃拉麵是來談生意……順利啦
300	謝謝好朋友阮氏夫妻招待我們家一起吃飯，謝謝你們讓我們度過開心的晚餐
301	腳好痛喔
302	和合作廠商泡茶聊天談生意
303	敬拜練詩
304	吃飽了，回教會
305	null
306	大家晚安囉！難得今天陪孩子們玩，準備上床睡覺囉
307	感謝主談生意一切順利
308	陪兒子上課
309	我們吃飽了
310	吃飯了
311	準備回臺北啦
312	朋友開的來逛逛
313	亂逛
314	晃晃買杯咖啡
315	兒子先睡飽來去宜蘭走走
316	吃飽了兒子開始耍帥囉
317	好餓啊吃飯啦
318	林書豪：勇敢夢做自己
319	現宰牛肉，清蒸活魚好好吃
320	五分飽留點胃等等買肯德基
321	今年情人是幼稚園老師，一起過情人節
322	陪兒子上職能課程
323	吃飽了，滿足了
324	我53號……等待中
325	謝謝胖爸爸幫皓文慶祝五歲生日
326	晃晃買牛奶和青菜
327	強化中小企業持續營運能力國際研討會，全程英文演講希望今天收穫良多
328	老公爸爸節快樂！吃飽了，與很多好朋友們度過愉快的一天謝謝你們，好開心
329	朋友們晚安！想和大家分享我人生中第一場安息禮拜的經歷。今天早上10：15就抵達第二殯儀館參加林阿滿弟兄的安息禮拜！感謝主也感謝芝蘭教會讓我們有機會可以參與！武松負責拍照紀錄而我就負責詩班唱詩，一切在溫馨裡沒有以往參加告別式的感覺，瞻仰遺容也是如此的安詳，一路陪伴家屬到火葬場。感謝主，希望可以帶領他們親屬也奔走在屬天的道路！
330	皓文四歲囉八月小壽星
331	八月小壽星準備過生日，時間過好快弟弟長大囉
332	好好吃的麵條
333	今天運氣超好不用排隊欸
334	看看外婆
335	感謝主一切非常順利
336	逛逛看風景來餵吃不飽的魚
337	獻詩，哈利路亞
338	夏令營結束了接孩子們回家了
339	感謝主平安回到家了，也累了，晚安啦我的朋友們
340	感謝主！結束充滿的行程準備回家啦
341	談合作細節ing
342	吃午餐
343	談合作細節ing
344	目的地……臺中
345	好好吃，吃飽了
346	吃午餐
347	小公主皓婷人生第一次夏令營即將開始五天四夜的旅程
348	兒子長大了今天開始中班上課囉
349	吃晚餐啦
350	無聊來晃晃
351	醫治特會
352	送對帳單來
353	不是假日人也這麼多
354	好美，好清楚的龜山島
355	第一次現場看京劇表演，好好看喔
356	2013國際金獅獎大手牽小手
357	吃晚餐
358	帶兒子來阿祖家給阿祖玩
359	感謝主拿合約內容資料
360	兒子剪帥帥
361	肚子餓了吃點心
362	好涼快
363	到了到了，玩水啦！
364	感謝主工作順利完成，天氣好熱！來去蘇澳冷泉玩水
365	很開心今天大家與明輝夫妻一同慶祝上任資誠所長吃飯慶祝
366	大家一起慶祝鳳儀老公上任資誠會計所長
367	感謝主！簽約完成
368	五股工業區發生大火，希望一切平安
369	主與我們同在
370	夕陽下踏浪真舒服
371	來吹海風玩沙吃
372	結束兩天一夜礁溪退修會回到家了很開心收穫滿滿！
373	四人房間有兩個泡湯池喔採光很好很棒的地方
374	跟教會牧師師母還有許多的弟兄姐妹一起來靈命增長
375	Omg出發來去宜蘭礁溪度假才剛上來就塞車了還沒到雪隧還很遠欸
376	領第一名學期成就獎
377	歐意係
378	談合約內容ing
379	拿資料看現場
380	談生意ing
381	香料很多的午餐
382	真的是印度人煮的欸
383	拿資料看現場，官邸這間真的是氣派漂亮
384	好開心喔！平安喜樂乃是良藥
385	感謝主！十五間店面資料準備簽約
386	還不錯吃喔
387	吃晚餐啦
388	現在的小孩真的好幸福
389	來陪小王子玩耍
390	吃晚餐
391	幫小寶貝皓文辦入學手續
392	逛完閃人
393	今日的愛筵
394	屬靈裝備中
395	吃早餐，今天不是假日不過有點擠
396	好好吃的晚餐
397	想來買杯喝喝看在出發日月潭居然下雨了
398	準備換泳衣來去玩水
399	null
400	好精彩從蒙谷來的馬術表演
401	走了60分鐘終於到了剛好開始
402	來給羊妹妹看
403	出發，來去山上避暑啦
404	來去度假啦今天第一天目的地埔里滿星蝶民宿
405	刮痧ing
406	吃午餐啦
407	準備簽約啦
408	吃午餐
409	無意間晃來就吃一下
410	這雨大到只能用誇張來形容
411	買生魚片
412	買生魚片回家吃
413	讚美神！讚美神！眾人都當稱呼！來就近父神藉著祂的兒子並將榮耀歸他，祂已做大事
414	帶孩子們吃飯
415	null
416	晚餐吃海鮮
417	真的好熱吃小米粥配牛肉捲餅
418	我們吃飽了
419	開心一起吃晚餐
420	排隊買冰回家吃
421	一個人的下午茶
422	草泥馬
423	跟師母吃晚餐
424	現烤的好好吃不過排隊排好長
425	感謝主，今天詳談合約內容一切順利
426	開心的放鬆一下
427	悠閒的早上父女倆下琪
428	null
429	null
430	鱷魚湯還不錯喝喔
431	看螢火蟲
432	還沒開始在等15分鍾才有的吃
433	喝咖啡在來看風景
434	來民宿來度假啦！老公表弟開的民宿，明天在拍照喔
435	開心，談生意
436	出發來去臺中囉
437	退火
438	屬靈生活
439	這間的海鮮好吃喔
440	陪小孩玩開車車
441	美體小舖談生意超順利的Oh!Yes
442	null
443	吃晚餐
444	今天下午兒子想去高島屋玩，就先買點點心進教會結果吃完兒子居然睡著了，感謝主謝謝黃牧師今天幫我們上一課讓屬靈生命增長
445	吃早餐
446	謝謝今天朋友的代步車準備坐車回臺北
447	吃冰棒
448	買蛋糕
449	吃在地小吃
450	早安，主耶穌及我的朋友們！好多年沒到埔理這裡真的好山好水好空氣，真好工作中邊走邊休閒，下午行程邊工作邊玩耍啦
451	來去臺中嚕
452	null
453	null
454	談生意
455	吃早餐
456	談生意
457	吃午餐
458	兒子的最愛
459	今日主日告訴我們撒旦會用各種方式不斷試探我們，我們必須不斷及信心的禱告主會給我們智慧分辨誰是撒旦
460	難得的空檔幫冰箱存點糧食
461	買甜點
462	好多人喔肚子餓先吃點
463	排隊中先逛逛
464	零時來沒訂位要等四十分鐘等待中
465	null
466	超特別的高雄的薑母鴨居然是一桶豆乳欸
467	灣看夕陽西子
468	來看看船
469	談生意
470	跟貞瑜一起享用午餐
471	談談生意
472	買巷子裡的牛肉麵
473	晚餐時間吃蝦謝謝陳會及慧靰獐鰡〝菻
474	跟陳會及慧雂弮痗圻n朋友一起吃飯
475	天阿！大臺中市停水到明天，想喝咖啡下次囉
476	好快到了欸
477	往臺中出發
478	吃清淡點
479	亂逛隨便吃
480	敬拜讚美主
481	來吃好吃的麵
482	好好吃煙燻魟魚烤牡丹蝦
483	喝咖啡談未來
484	來看飛機
485	祝福永遠幸福元長&佳佩
486	排隊排真長
487	陪貞瑜參加科士威總公司美容講師面試，感謝主
488	出發
489	陪老公剪帥帥排隊中
490	謝謝攸雯做的愛心鳳梨酥給你1000個讚
491	樊鴻台牧師醫治釋放特會
492	吃晚餐
493	好久沒吃囉
494	今晚想吃魚
495	忽然想到沒吃午餐買個點心等等有人請吃晚餐
496	來看展
497	讚啦！老公煮拿手的酒釀芝麻湯圓
498	大姐姐說故事：元宵節的由來
499	謝謝黃仲明牧師送我公婆聖經
500	帶我們信主的劉文復牧師今日來教會主日學
501	吃晚餐囉
502	來餵鳥餵魚結果都吃飽了自己吃
503	吃晚餐嚕
504	好朋友一起吃飯
505	大人曬太陽小孩吹泡泡
506	應小孩要求走進來吃下午茶
507	從家裡走路五分鐘就到了
508	來補一下
509	和十三年不見從澳洲回來的高中同學吃飯
510	店裡的寶貝們等我們回去喔
511	桃園也有櫻花
512	兒子想玩車車
513	遛小孩+餵鴿子
514	親戚開的拉麵店歡迎朋友來喔
515	到了：兒子睡著了
516	我們若照祂的旨意求什麼。祂就聽我們，這是我們向祂所存坦然無懼的心(約壹5：14)
誰能知道自己的錯失呢？願你赦免我隱而未現的過錯(詩19：12)
517	人若認自己的罪，神是信實的，是公義的，必赦免我們的罪，洗淨我們一切的罪(約壹1：9)
518	捏麵人diy
519	準備回臺北囉
520	幫丁丁買餅
521	吃晚餐
522	我好像走到逢甲夜市
523	吃飽了，喝杯好咖啡
524	有五十種好多好吃的小菜(整間店小菜稱場面)
525	星期二……人還是很多
526	來了一定要喝杯好咖啡
527	出發來去三峽外婆家
528	今天家裡聚餐喝第三瓶
529	兒子玩的很開心
530	寶貝皓文火車初體驗
531	早上進店裡開會，老公帶兒子來吃早餐
532	我吃晚餐老公&丁丁陪我吃宵夜
533	總裁來臺北
534	到西螺囉跟議員吃晚餐
535	吃早餐
536	總裁來臺灣了
537	出發來去臺中囉
538	芝蘭電影院……寒戰
539	祝福我親愛的朋友們……把不開心留在2012準備一起迎接開心的2013Happy new year
540	null
541	太陽公公出來了來去動物園給動物看
542	null
543	好朋友吃宵夜
544	帶兒子上課
545	厚……每個都要排隊
546	排隊的人好多
547	昨天沒玩今天來旋轉一下
548	吃點心
549	喝喜酒
550	三立來借場地拍片
551	吃飯了
552	吃完薑母鴨準備睡覺囉
553	感謝主帶我信主的牧師……來自美國劉文復牧師
554	吃完藥燉排骨繼續下一攤
555	吃飽了喝足了正事談好了……回家休息
556	來跟老大媽董事長吃飯聊天
557	來參觀臺灣好大的總倉有兩個costco大
558	儲值etc在繼續往臺中出發
559	今天煮紅燒獅子頭
560	喝點小酒
561	歡迎大家來逛逛，記得打電話給我帶進場
562	吃晚餐
563	好多人喔
564	開會ing十點準時營業
565	設計師朋友--陳立畫展歡迎朋友一起來看畫
566	出發，帶兒子來去店裡跑跑
567	菜市場的小火車
568	早餐……寶貝說：媽媽我要吃鍋貼
569	11個男人MAN's  Talk & Me
570	來去充電囉前進昆陽店
571	吃晚餐囉
572	真快一轉眼女兒十歲了
573	朋友開的……好好吃喔
574	吃午餐
575	靠著耶穌得勝，不必懼怕挫敗，深知主恩更廣闊……是你帶領著我得勝~~感謝主
576	和好朋友一起吃薑母鴉
577	人多到……我想爆炸
578	吃晚餐
579	感謝主歡迎緬甸永生學校校長“張明周牧師”
580	西門町遇到……超跑小公主
581	來看人擠人
582	慶祝芝蘭教會……31周年堂慶
583	10：01出發來去中壢
584	祝大家中秋節快樂
585	陪兒子上課
586	和好朋友吃午餐
587	吃晚餐
588	吃晚餐
589	出發來去三峽走走
590	帶兒子吃宵夜
591	終於買好女兒的運動鞋
592	主日禮拜
593	禱告會
594	null
595	null
596	null
597	公園吃雞排等阿男下班
598	來去臺中總公司考電腦測驗
599	玩的很開心洗香香囉來去吃客家菜
600	主日學
601	好餓喔
602	朋友開的順便來深坑走走曬太陽
603	逛夜市
604	朋友開的，很好吃喔
605	早安，臺中
606	五天不見女兒&兒子，女兒明天要跟外婆出門玩。兒子明天跟著我們去臺中、雲林、臺南玩
607	感謝主考完了~一切順利來吃晚餐
608	慶祝爸爸節
609	我到台中市了，要想辦法到大榮路
610	好朋友過生日
611	很好吃的晚餐
612	來保養車車
613	來吃德國豬腳
614	null
615	吃午餐
616	來吃晚餐
617	吃飽囉
618	來找廟公好友
619	來西螺一定要喝這家喔！
620	早安，我的朋友
621	吃晚餐囉
622	小朋友的聚會
623	吃晚餐差一點沒的吃
624	吃早餐
625	吃宵夜啦！
626	吃午餐
627	主日學
628	下雨了
629	來找好朋友
630	好熱，來點比較沒溫度的來吃吃
631	來接機
632	吃晚餐
633	好開心又充實的一天
634	和好朋友吃宵夜
635	吃宵夜
636	加盟展還有~~三天有空的記得來找我
637	想參觀加盟館的來找我喔！
638	這雨~~只能用誇張來形容
639	吃晚餐
640	買午餐好多人，前面排５個欸真誇張
641	喝咖啡聊是非
642	吃飯+遊戲
643	吃晚餐囉
644	吃飽囉
645	來Diy水果塔
646	回來家囉，好充實的一天，周公在想我啦！
647	來找朋友吃晚餐
648	null
649	出發，台中我來了
650	陪老公兒子吃宵夜
651	來試吃新口味漢堡
652	吃飽囉回家去
653	來接外婆過母親節
654	女兒想來吃這間，便宜還不錯吃
655	外婆想逛逛
656	點燈
657	null
658	買華飽
659	難得兒子去媽媽家我又餓了一天來補一下
660	帶兒子吃個麥當勞兩點才上課
661	陪小孩打彈珠
662	來去接我老媽咪
663	表姐來家裡做客，先回家
664	吃午餐
665	帶兒子來玩坐火車
666	好想喝麻油雞湯
667	null
668	null
669	陪小孩吃麥當勞
670	我來過兒童節
671	暈，找不到兒子的健保卡明天要上課來辦新卡片
672	跟好多人在這裡喔！
673	null
674	帶兒童來玩玩
675	剪頭毛
676	買宵夜
677	null
678	吃飽囉回家睡覺
679	吃早餐
680	買食材回家包水餃
681	帶兒子溜滑梯
682	看櫻花
683	吃晚餐
684	吃了三天素食來開葷囉
685	null
686	null
687	泡湯
688	null
689	拍櫻花
690	來看痘痘啦！
691	來看痘痘啦！
692	null
693	散步中
694	看櫻花＋晒太陽
695	還好人不多看完主燈秀有水慕哦
696	來去國父紀念館看花燈
697	武松
698	帶婆婆來台大來公園吃早餐
699	早安：肚子餓
700	陪老公剪帥帥
701	null
702	null
703	null
704	null
705	null
706	等12點跨年看煙火
707	null
708	null
709	今晚在這兒睡…
710	null
711	陪老公剪頭毛
712	null
713	null
714	吃晚餐ing
715	null
716	看湖＋下午荼
717	好餓
718	null
719	null
720	null
721	陪婆婆複診中
722	下午茶帶小朋友跟兔子玩
723	晒太陽等風…想放風箏
724	陪寶貝女兒英檢
725	null
726	null
727	null
728	null
729	null
730	null
731	拜拜ing
732	陪老公＋兒子吃早餐
733	null
734	null
735	排隊ing
736	null
737	null
738	null
739	null
740	null
741	null
742	null
743	null
744	null
745	null
746	開飯囉！
747	null
748	null
749	null
750	null
751	null
752	null
753	null
754	null
755	null
756	累了！要回家啦！！
757	null
758	null
759	null
760	null
761	null
762	null
763	剛睡醒
764	null
765	null
766	帶皓婷看蜜蜂姐姐＋DlY
767	null
768	陪老公剪髮ing
769	null
770	null
771	好餓好餓
772	null
773	null
774	null
775	null
776	肚子餓吃肉粽中…
777	null
778	吃美味海鮮ing∼
779	吃宵夜中…ing
780	開心吃早餐
781	吃飽飽！心情好！
782	null
783	null
784	null
785	null
786	回家陪老爸吃晚餐
787	null
788	null
789	杯子蛋糕DIY
790	null
791	老公剪帥帥女兒剪美美
792	null
793	null
794	null
795	null
796	null
797	null
798	null
799	null
800	null
801	null
802	null
803	null
804	null
805	null
806	吃飽了！!
807	吃晚餐
808	null
809	null
810	今晚吃德國豬腳Yummy
811	來去Shooing
812	null
813	陪寶貝避暑遊戲ing
814	開心吃早餐
815	null
816	員工訓練
817	下午國圖講座
818	朋友從USA回耒聚會
819	清早6：50送老公去机場7：28，吃個早餐8：20開回家9：15，送女兒上班10：30，再開車回媽媽家10：40@@真睏的一個上午
820	帶老公吃下午茶
821	週六碩班新生報到日
822	小籠包十上海粽十桂花酒釀湯圓
823	Young Art Taipei
824	一早和老弟合弄了二株植物，原本己死了的，經時間的擱置及無心的照料，它居然活著...
825	胡椒餅美味丫
826	全家吃龍蝦鐵板，好棒的口味
827	別人跑趴，我週末都在跑機場^^!!
828	4月1日愚人節，但我真的上榜政大圖資碩專班哩
829	用早飧?讀服貿文章，Elephant in the room....立院學運走向停格中..？！
830	送老公搭機
831	台北週日一早13度，老媽起床在笑
832	等女兒在A11館共飧
833	早飧在少人的假日早晨
834	地標?錯了，民生社區的河濱才?
835	帶姐走河濱步道1h，?動運動
836	年假ending 護膚保養，減肥運動上路丫
837	母女週六談心日
838	回家看老媽
839	與家人飲談週五夜
840	我從早上10：30走向仁愛敦南，11：00時走到體育館
841	休假送老公去机場
842	全家用飧日式料理
843	天冷老媽電毯取暖心情好
844	與女兒接機爸比
845	與二姐喝熱巧克力and 鬆餅，是桂圓酒釀口味兒
846	用晚飧蔬食很好吃
847	null
848	中午用飧再直殺去101 35樓下午茶
849	天冷~~回家看望親娘
850	和女兒kiki用飧，辣死了
851	年度身體定檢，彭汪院士說一切都好，半年後再檢驗
852	與二姐吃下午茶~~一堆的人
853	明天龜山島401高地和賞鯨去丫太興奮了
854	星巴克喝咖啡，看來市民大道松山車站下一個東區站
855	與二姐用午飧，另一個京站
856	金馬五十！巨星的臉上是我成長的歲月足跡...
857	中午用了一個素食飧皮蛋豆腐三明治！不太吃得來....
858	NDDS座談會館際合作平台
859	天涼老媽也滿面笑容.....
860	在老媽家前剪樹剪到手發抖！全身衣服被汗濕透！過?！
861	逛誠品去寬心園用中飧
862	null
863	2013太魯閣馬拉松！6：05慢走到8：45，並與第一名跑完的肯亞選手一起折返回程
864	大地震！明早出發花蓮健走太魯閣天祥！震央在花蓮？哇哩咧
865	一早去永康公園中午高記好吃！再回媽家
866	上課秋調氣！保肺多吃百合、銀耳、高麗菜
867	今夜涼！感覺得到娘親又遲鈍了！...唉
868	天涼...老媽大腦傳訊功能似乎變遲緩了,走路走一會兒還會停格？神奇
869	老媽在民國47年的今天生下我，而今早我回老媽家弄她下床....
870	颱風天送老公
871	天涼...阿來甜不辣+冬粉！與同事共餐話家常
872	換新機到底是明智？還是.？shit
873	為了下午茶！勢必要去運動 one hour！太陽是那麼的烈...
874	今日老媽又笑又唱！居然還犮現老媽會看電視！
875	早上作心電圖，X光，抽血檢驗！下午茶嗑一堆！這?種折磨還是....？
876	肉質?又不油！很順囗
877	醫師量我血壓140/100太高啦！運動沒用？
878	下班從5:20到7:00走步及小跑！沖?涼今晚不用飧！囋！
879	烈陽天喝杯咖啡袪暑！
880	早上?家服侍了老媽起床，去了kea用早午餐！下午與姐弟妹聊天儿....
881	上課結業曰！雲端&數位時代趨勢！
882	上課第四天！數位典藏國家型計劃，進入網址去逛逛！你會發現到許多歷史的，人文的，自然科學的，等等知識
883	研習班第一天5:30起床坐交通車到台大圖資系！滿身大汗的走走走...報到繳費領講義，求學問學技能辛苦又帶樂趣！
884	娘親一早在床上就在笑！快樂型失智真好！
885	一早女兒陪著媽咪回娘家服侍外婆起床
886	簡禎說生老病死課題!
887	原來在平常曰子,就那么多的人在生死邊緣遊走...好好把握過好當下吧
888	用早午飧談天....happy!
889	與女兒用飧在青葉
890	假日清理打掃家裡，非常非常累！但是心情非常非常好
891	逛ikea人不多了！
892	今早零亂旳趕往媽家,弄她起床身上沒濕！想不到一塊乾凈的紙尿褲可以帶給我如此大的慰藉...原來我是那麼的深愛她
893	麗水街燈伴夜風...母女牽手同遊同食飲
894	今兒天冷!趕在9:30前到媽家,弄起床@@一整個完美任務圓滿達成
895	天泠!早些回家服侍娘親起床
896	用早飧送老公
897	全家辣在一塊兒了!
898	一家三囗大吃辣味牛肉麵真的非常好吃@@
899	通化街夜市人超多
900	從除夕到初三早上出門?晚歸，初四終於可以休息待在家了，真好
901	明天除夕?@@祝所有相識相知相惜的朋友們：蛇年行大運！
902	晚餐大同電鍋燉雞湯十話梅@@經典美味
903	老媽己進入嗜睡怎辦?進食也有困難！生命怎會如此堅硬?
904	一家人帶著memo,開車上路看101煙火!2013新年快樂哪?
905	天冷,雨天,煮上火鍋....一家人暖哄哄!天倫之樂
906	全家上南嵌
907	勝博殿豬排超好吃！
908	與朋友用晚飧@@買一本"別鬧了！費曼先生"
909	煙雨濛濛濕情話意
910	在老媽家等接咪的班機
911	與老公在小南門用中飧,再買紅豆湯回老媽家吃
912	與老公吃銅盤烤肉
913	欣賞歌唱表演
914	人在大里火車站頭下著雨
915	與老公用飧購物&聊天.....女兒當同學聚飧.....
916	與同學聊天渡週末
917	null
918	早上去做臉部美白打光,先用個早飧,下午修指甲
919	同學慶生在潮品集飲茶
920	中午回老媽家,哄老媽午睡,還真是母女倒過耒了哩!人的行為模式好似倒?式運?...
921	和大嫂在用自助飧聊家事
922	下班回家給老媽按摩,老媽非常開心?
923	台大真有這么多人停車!？
924	東雅上海館在中山醫院後面。囗味烹調不錯
925	看首映?黑影世界人超多
926	在文官中心上課瞌睡蟲一直出現
927	假曰一早開車回媽家弄媽起床
928	與淑李在腳底按摩
929	回家顧老媽,喉嚨痛去看醫生,氣候不好支氣管就不行
930	吃鐵板燒慶賀落榜的失誤
931	回家顧老媽晚上陪老公
932	在機場接老公明天陪我去政大口試
933	帶老公吃宵夜
934	與同學用早飧下午再去haya用下午茶
935	接到老公了連假帶他去玩去大吃去
936	怡客咖啡在台北會客滿才怪!板穚人到底怎回事?
937	下午逛累了在星巴克喝咖啡
938	與羅大嫂相約吃飯在南嵌
939	賞花燈吃小南門
940	看了7 hours書,和好友吃牛排十分美味...
941	和老公吃麻油腰花&豬肝進補一下
942	國泰民安過新年
943	剛才開在市民大道八段上一路直向永吉路酷
944	和朋友用晚鈑在元定食
945	就是這么多人∼真奇怪喔一
946	和穎玨&his wife濱海去桃源谷
947	吃韓國烤肉美味Y
948	欣賞歌會
949	老媽家大姐乾兒子一家又來吃喝了真討人厭
950	民生社區喝咖啡
951	跟二姐聚會
952	在三峽蔚藍食府用晚鈑
953	吃越南菜
954	在老媽家滷牛煡子
955	全是人媽的
956	在老媽家炒毛豆+酸菜
957	小胖生曰
958	null
959	null
960	null
961	null
962	null
963	null
964	這是由玻璃拍向外面
965	啟程
966	即將展開8日吃喝玩樂之旅，一起PNC好開心
967	連假的鹿港果然人好多
968	null
969	兒時的好滋味∼
970	null
971	Bye~
972	有人帶兩位不吃生魚的人來，點完店店家都傻了∼哈
973	小莉生日快樂
?───Ｏ（≧?≦）Ｏ────?
974	null
975	null
976	兩個都是我的愛∼
977	謝謝婁婁∼真的好厲害ㄚ
978	Saturday night fireworks 人好多阿~
979	明天一早要上班現在還在這兒瘋，誰叫我們是姊妹∼
980	我們要趕緊睡覺了只剩下四個小時，不可以再玩耍了∼
981	悠閒的一天
982	快回來房間一起吃∼
983	也太早了吧∼
984	我是阿呆！記錯時間這麼早來要幹麻ㄚ
985	7月7日星期7∼布魯日一日遊
986	出發囉∼
987	超好吃的鐵板燒
988	早安∼
989	null
990	null
991	吃了三餐，終於放我搭飛機了∼
992	小熊貓沒有妳在的仙佛好無聊ㄚ-_-#
993	冷颼颼來吃暖呼呼的火鍋
994	某人把我的洗髮餅當泡泡浴給分屍了-_-# Keisha C
Handy Chen
995	null
996	null
997	好飽ㄚ
998	其他狼勒∼
999	悠哉的一天∼
1000	回家了
1001	Shopping!!
1002	null
1003	null
1004	一波三折~ 315delay趕不上原定的飛機，之後班班客滿上不去，最後終於抵達Sydney,但我的行李.......要晚兩班到。原本只要一個多小時的flight我卻花了十小時，今天是怎麼了-_-#
1005	姊姊聚會
1006	null
1007	德國慕尼黑啤酒節真的好有趣ㄛ~
1008	null
1009	ㄧ直在昏睡的兩個人
1010	null
1011	兩個善變的女人，今天的目的一直改變
1012	null
1013	俐君
1014	null
1015	BKKing 剛到飯店，飛了兩個禮拜的短班，好不容易熬到飛VIE，滿心期待克羅埃西亞之旅，但每一段全滿又大熬夜真的好累ㄚ~（只能說我變了，已經無法熬大夜）
1016	熊麻吉
1017	一出捷運站就快融化了~ 熱！
1018	我們瘋狂葡式蛋塔之旅接近尾聲ㄌㄚ~
1019	越來越接近，里斯本我們要來了~
1020	null
1021	null
1022	again~
1023	瑪殺雞中~
1024	吃飽飽來去上班！
1025	null
1026	看腳傷啦~
1027	吃飯嚕~
1028	來看桃姊囉~
1029	null
1030	超大的souffle
1031	null
1032	null
1033	超大的螢幕~~~ 我頭又要暈了！
1034	null
1035	null
1036	null
1037	null
1038	null
1039	大口吃肉~~~~
1040	吃吃喝喝去~
1041	放假來台南玩~
1042	null
1043	外帶中
1044	null
1045	終於回到什麼都有的飯店~ 感動中！
1046	null
1047	null
1048	null
1049	null
1050	享用美味的早餐中
1051	null
1052	趕在休息前來吃
1053	削去一堆煩惱絲，清爽!
1054	味道還不賴!
1055	畢業後好多好多年的高中同學會哩!
1056	土地公伯伯生日，祝壽也祈求土地公伯伯的保佑，全家身體健康，發大財!
1057	null
1058	削去三千煩惱絲丫!!清爽許多!
1059	就讓我們熱血一下吧!!五百青年!
1060	吃甜點
1061	天氣好，所以就......
1062	真的是寸步難行，只能說大甲媽的魅力之大丫!
1063	天氣好到不行!
1064	太陽出來了!
1065	祈求今年一平安健康順順順，發大財!
1066	過年必到!感謝土地公伯伯一年來的保佑，也祈求今年能更加順順利利，平安，賺大錢!
1067	人山人海哩!
1068	天冷，全家繼續吃下去!
1069	緣份就是如此，來MSI尾牙也遇到合作?商。
1070	今天要抱什麼大獎回家呢?!
1071	好運到!
1072	好天氣，送小五哥去作SPA.
1073	十二夜太沈重，今天觀看的時候，心中除了對生命的尊重以外，同時在想這對小朋友來說會不會太過了點哩?!
1074	耶誕快樂!
1075	你療癒了嗎?!
1076	好飽!
1077	看見！
1078	找點靈感！
1079	首航！哈！
1080	真的只有美食才能讓煩忙的身心獲得稍稍的休息,謝謝啦！(運氣太好，原來打算要去的店居然休息，還好轉戰的酒窩也不賴)
1081	老同事的聚會，很讚！
1082	讓我們烤肉去！哈哈！
1083	山中放空後，回來第一件事就是削去三千煩惱絲，再繼續衝！
1084	本日你(Glendy)妳最美，一定要幸福唷！
1085	恭喜！！漂亮的新娘！
1086	讓我們一起回家去！
1087	到著！
1088	真的太巧了，居然在這遇到一群從不同國家出差來的同事！
1089	到著！
1090	真的上天的安排好丫！
1091	雪大到走不出飯店！
1092	沒看到雲海，直接看到雪哩！！直接從賞楓團加碼變賞雪團！哈哈！
1093	沒看到雲海卻看到近似下雪的情境！
1094	殘念==
1095	猴嗨唷！
1096	到著！
1097	人爆多，終於坐下了！預備備！Go!
1098	終於有時間來了！！(怕忘了，記在牆壁先，果酸鳳梨三之一。)
1099	演唱會開始！
1100	換場，好熱，還是水好玩哩！
1101	早！好早！
1102	終於！
1103	回鄉
1104	下課囉！肥家去！
1105	久違了！
1106	久違了，帶爸媽來吃一下！
1107	原來有這麼多！
1108	null
1109	沒事不要來＠＠
1110	看了這麼久的棒球，好像是第一次到現場看明星賽，也第一次來這球場！
1111	丫雜快滾，奇異果還是鳳梨?？
1112	來上課，早到了，睏＠＠
1113	Time to go home.
1114	要回家天氣才變好＠＠
1115	跟人家不一樣,黃昏才來,吃一個太飽！ — 在 築地魚市場 - Tsukiji Fish Market 。
1116	避雨順便吃"中到"
1117	新景點,一定要來朝一來下！
1118	Ready Go!
1119	東京知名度第一，口味比較重，台灣本月也要開！
1120	偶又來報到了！不過這次不是出差,哈！
1121	巧遇Nunu
1122	小舅舅的聚餐
1123	休息一下再上!
1124	人山人海!
1125	餓昏了@@
1126	Today is my turn!
1127	I'm back TW!
1128	Waiting to go home!
1129	歐耶!準備回家!GO!
1130	是的!我剛吃了第一個king of fruit in Bangkok
1131	住在機場附近的好處是到機場很近，但附近也太荒涼了點吧?!
1132	真奇怪iPad上的了網，但NB卻不行是要我不要看Mail了嗎?!
1133	果然工廠周遭就是不一樣啊@@~~~~
1134	Just arrive!!
1135	冏，坐著就想睡了@@(只睡二小時真的會沒電@@）
1136	全家一起晚餐，三碗豬腳!
1137	古老的街道，滿滿的人潮哩!
1138	午後走走!
1139	剪去三千煩惱絲，一整個清爽，夏天偶來啦!
1140	峰迴路轉，省下一個衝入可能性疫區的biz trip!!
1141	這歡送陣容會不會太多人了丫!
1142	鳥瞰頭社盆地!
1143	早安!
1144	依舊是很飽，飽到無法有下一攤，據說價值最高的是中間一區新鮮有機菜!
1145	員工旅遊!讚啦!
1146	超健康有機餐!很澎湃丫!
1147	老前輩的智慧!
1148	null
1149	出發!
1150	請假來辦自然人憑證以便後續報稅用，還好人沒很多!
1151	日行一善幫老同事搬家後的美味大餐!
1152	好久不見!氣色都不錯耶!
1153	削去三千煩惱?梨絲!（這樣體檢會輕一點XD)
1154	上班!怎麼可能!哈!回來準備交棒，少爺路幫你鋪好啦!GO!
1155	機場巧遇連勝文!
1156	今天的飛機會不會抖太大了點丫@@
1157	I'm back Taiwan!!
1158	香港機場待機中~~~(iPhone居然Wifi掛了...冏@@)
1159	身旁的那對夫妻，先是拿出厚厚的一疊千元大鈔又拿另一疊人民幣出來數，是有這麼好野?!
1160	人好多丫!
1161	出發!
1162	放鬆一下
1163	出太陽囉!
1164	從汐止到淡水花不到一小時，是我開太快，還是真的不遠?
1165	不買不行!
1166	呷暗等!
1167	吃再飽還是要吃!(剛好過年有開哩!）
1168	年終小聚，來年一起發發發!
1169	冏，這時候離開公司還塞在停車場@@
1170	吃
1171	買晚餐!
1172	尾牙開始!今晚中什麼哩?!讓我們看下去!
1173	Wow
1174	玉米控!
1175	吃吃吃!
1176	超美味之夢幻?燒烤玉米!（玉米控又來到，真的是行家美味!!）
1177	參加叮咚學長婚禮!恭喜丫!
1178	來接小五哥回家囉!
1179	下午茶時間!
1180	試一下跟台中本店有啥不同先!
1181	一年之計在於吃!哈!
1182	2012家庭聚餐，補補補!
1183	跟平常很不一樣的強叔!新婚愉快!
1184	運動後，帶爸媽吃晚餐，哈!
1185	冬天夜晚來臨的特別早!!
1186	硬是要來動一下!
1187	氣色很好哩的新手媽媽!
1188	門面整修!丫雜快滾!
1189	恭喜小王Echo,一定要幸福唷!
1190	好好味!
1191	老同學聚餐!（點很多，但我好想睡丫）
1192	吃"午餐”（伴隨著concall@@)
1193	帶老爸老媽出來走走，同時祈求近來的不順都能化解，趕快順順順丫!
1194	清燉羊肉鍋吃到飽!
1195	新開幕，免費升級卷和集點卡。
1196	比較一下在澳洲喝的差別!
1197	null
1198	null
1199	小五哥回廠健檢!
1200	臨時出任務，也來祈求萬事順利啦!
1201	null
1202	再吃!
1203	吃!
1204	打卡換啤酒!
1205	雨中即景
1206	回到童年!
1207	null
1208	就讓我們繼續烤下去!
1209	開烤!
1210	請假休息調時差，剛好也是老爸生日，來補一下!
1211	人多到滿出來@@
1212	歐耶!台灣!
1213	終於到了，晃神中，讓我們繼續?下去!
1214	收工!準備往機場去等半夜飛機囉!歐耶!回家囉!
1215	每天中午最難的就是杜拜同事拿事拿一大疊外送menu要你選午餐@@
1216	奇!在家樂福裡的啤酒沒酒精@@
1217	Friday night! Eat Friday!!
1218	今日午餐，很特別的PizzaHot!
1219	這下爆肝爆很大!
1220	準備再飛八小時，登機準備中
1221	排隊等待轉機中
1222	準備起飛（希望旁邊沒人坐，哈!）
1223	My today's long fly will start from here and now!
1224	Kitty版世界時間
1225	null
1226	野餐趴
1227	丫雜!削去爆衝的?梨!舒服!!
1228	最後硬是要買甜點回家吃!雖然已經滿到喉嚨了!
1229	肚子滿，但手停不下來，買!
1230	廟口肉圓!讓我們繼續吃下去!
1231	null
1232	有人帶團來打坐，吸收日月精華!
1233	Wow
1234	呷中到!
1235	香菇拉拉
1236	在山上，寧靜的夜晚，滿天的繁星，新鮮的空氣，讓疲憊的身心獲得一點點的喘息。
1237	一品花雕雞
1238	下午茶時間!
1239	來放鬆一下
1240	到此一遊!
1241	開吃!
1242	出外走走!
1243	家族聚會後，來跟土地公伯伯聊聊天，感謝平日保佑並祈求來日平安健康順利
1244	人會不會太多了點
1245	回家去!總結今天算小pass，keep going
1246	來作工
1247	呷中到!
1248	Birthday Party
1249	Finally, I'm back TW
1250	Prepare to back my sweet home TW
1251	null
1252	Keep working
1253	早安!Today is sunny day!
1254	早安!
1255	Finally, I arrive the hotel, it's a long long fly and drive.
1256	漫長的飛行即將啟程（人好多丫@@）
1257	自助報到中
1258	準備出發!go!
1259	吃晚餐!
1260	全家來吃晚餐
1261	中元普渡!有拜有保佑!一切順順順!
1262	上課中
1263	殺爆衝的?梨，剪去三千煩惱絲啊!
1264	家庭聚餐
1265	透早上課中
1266	Work!
1267	小型同學會!!
1268	很煩躁又加了一整晚班後，硬是要來吃一下美食，舒舒壓!順帶帶了一包燒烤肥家繼續!哈哈!
1269	許久未來
1270	按摩後吃晚餐
1271	Just arrived
1272	null
1273	網站照片還是有一段差距的@@
1274	又多了一家航空公司
1275	先來過癮一下
1276	終於到啦
1277	null
1278	Back to TW now
1279	登機了!
1280	冏!變早鳥@@
1281	吃!
1282	載老爸來聚餐
1283	辦約定?帳
1284	友人友人聚
1285	null
1286	台北台北我的家
1287	登機!準備回家去!
1288	null
1289	null
1290	乘風破浪到了七美
1291	等船出海~員工旅遊中
1292	超刺激年輕十歲了
1293	陽光，沙灘，比~
1294	飽
1295	null
1296	Check in
1297	我是早鳥@@
1298	null
1299	與老同事生日聚餐
1300	準備削去走針的?梨
1301	雖然是一班車到，還是要坐好久丫@@
1302	Computex作工之中場休息（剛打錯卡，哈!）
1303	世界最大
1304	出任務，載爸媽來拜拜，也祈求平安順心
1305	買買買
1306	散步中，從南京新生走到復興
1307	null
1308	null
1309	Finally, 回到家了!!
1310	喝喜酒，Rita恭喜啦!
1311	I'm back!
1312	壓力，疲累，真的很容易讓人失控丫，不小心又手滑了@@
1313	好趕
1314	Back home, dear TW.轉轉轉第一站!Go!
1315	冏，連續每天睡一下醒來後，居然NB連續2天出現blue screen@@
1316	Finally, Just arrive Budapest.
1317	歷經起飛前一刻飛機跳電和坐在擁擠的經濟艙（旁邊還坐滿二人，只出去上一次廁所），飛了近12小時後到了第二個轉機點（機場免費網路僅30分鐘）
1318	到了!香港等?機而已@@在飛機上才想到我怎麼沒把港幣帶身上，冏
1319	果然還是在自己家上廁所，洗澡舒服丫
1320	台灣，我”又”回來啦!!雖然又是一路遇到不少亂流@@
1321	待機and進食中
1322	出發，往回家路上
1323	null
1324	Flight delay and driving, finally arrived the hotel now
1325	很好，現在有點睡意了，希望等會旁邊沒人，不然就來個正妹吧!哈哈!
1326	覺得澳洲Yes Optus的每日2aud方案對於短暫停留的旅客來說挺方便的，手機上網吃到飽但不能開熱點，當地接打不用錢，不能打國際，但也很足夠丫，給有需要的人參考^^
1327	null
1328	null
1329	null
1330	null
1331	null
1332	null
1333	買
1334	清爽，感謝生病的設計師小魚
1335	我回來了，台灣!
1336	等等等
1337	Want to go home, but晚上飛機and櫃台沒開@@
1338	剛剛的班機空調很差，熱到我了@@
1339	null
1340	跨越35歲的生日這天...有麻吉的朋友一同陪伴...下午也在家裡運動運動活動筋骨...晚上再到從小吃到大的景美夜市巡禮...吃吃吃...還有許多朋友的祝福....我...都收到了(光回訊息就回到手軟了)...謝謝大家...讓我們一起開心快樂健康過生活吧^^
1341	出發前備料
1342	大反差!!
1343	wow!第一次聽吉他演奏會，很讚!坐在”搖滾區”
1344	null
1345	按了再吃
1346	幾百年沒吃過的
1347	null
1348	null
1349	吃吃吃
1350	null
1351	轉戰
1352	null
1353	null
1354	null
1355	到了
1356	買
1357	買買買
1358	null
1359	null
1360	等待剪去三千煩惱絲丫
1361	hellow taiwan
1362	Oh！YA∼等飛機肥家︿︿
1363	等check in
1364	null
1365	null
1366	null
1367	null
1368	null
1369	出去一定要有美食的~~二話不說再返北的方向...之接殺去...阿枝~~~
1370	說真的溪湖來了三次...第一次吃阿枝...第二次換家嘗試吃阿明...這次又換回阿枝~~
1371	一定要先來分麵線囉...不過這是兩分...
1372	點了藥燉的...天冷剛好補一下...
1373	裡面的羊肉真的是不少...
1374	一坐下來...店員就會先拿來的青菜...看每個人的需要...另外計費...
1375	嘴饞...加點了一份炒羊肉跟羊肚...口感跟味道都還不錯~~飽餐一頓才甘心往北返...結束今天的中部心靈美食之行囉^^
1376	寒流來襲...天氣看起來陰陰霧霧...不過不減舒服的景色...
1377	null
1378	null
1379	重新整修過的
1380	null
1381	兩倍大的茶葉鵝蛋~~
1382	到底有多大?請馬豆拿一下...
1383	吃到忘我了~~
1384	大小比一比~~~
1385	超幸運...上車後要離開時才下起一陣雨...
1386	有了變化~~
1387	有個High咖發作了...
1388	有沒有這麼High阿~~~
1389	非常亢奮的妹妹~~
1390	我的"小龍"亮相了...明明給了很大一塊作畫區...卻出來這頭小龍@@
1391	晚上的重頭戲~~今晚演唱會的主持人是從從跟威寶妹鍾欣怡...
1392	歌手卡司呢...除了卓文萱以外就是鐵肺雙人組....戴愛玲跟楊培安...首首高亢阿...尤其是楊培安的歌曲...連我們家小朋友都會唱....(哈...新兵日記看多了:p)...最後當然還是以美美的演火作為結尾...讚~~
1393	null
1394	有沒有這麼燦爛阿~~
1395	null
1396	誰比我可愛?!
1397	很愛演的兩兄妹~~
1398	這是演哪一齣?!
1399	出招吧!!
1400	拍照不忘....吃~~~
1401	繼續~~~吃~~~
1402	作完火山歷險後...玩興全開的兩個小朋友...吵著要繼續玩~~
1403	上船囉~~
1404	依舊難掩緊張神情~~
1405	有沒有這麼緊張阿~~
1406	剛開始...都是緊張的fu...
1407	很水的蝴蝶~~
1408	沉醉在蠍子上身的弟弟~~
1409	來來來...正經的拍一張吧...
1410	有霸氣的蠍子...
1411	來六福村怎能不做大怒神~~
1412	這時心裡還在想我要好好Hold相機...來個全記錄...
1413	當機器緩緩上升時...心中閃過....我哩...忘了把鞋留在下面了@@
1414	Oh Ya....我Hold住了...不僅僅是相機...連鞋子都Hold住了...(你看我的腳丫子夾的多緊阿:p)
1415	哈...心中大石放下...
1416	妹妹剪影~~
1417	弟弟剪影~~
1418	籠中鳥~~
1419	真實版的大嘴鳥~~
1420	今年FamilyDay的地點是六福村...真的湧進了滿滿的人潮阿~~
1421	我們家照相總是愛作表情的弟弟(我姪子...哈...被問很多次...這次先註明:p)
1422	我們家可愛的妹妹(我姪女...一樣先註明:p)...一入園看到海綿寶寶就失控的妮妮...
1423	比比看...看誰比較無奈~~
1424	哈...像不像躺在海綿寶寶身上~~
1425	我...沒有偷搥他肚子唷...
1426	熱情的辣妹~~我們家妮妮就是不捧場...
1427	人家害羞麻~~
1428	哈...終於笑了~~
1429	還是不看鏡頭@@
1430	硬是要跟這片馬雅牆合照...
1431	很快就排到的魔毯...很明顯...還要訓練....(叔叔是有練過的...)
1432	作完魔毯後...看到還在樓下排"天馬行空"的哥哥嫂嫂...(這真的排很久...還差點耽誤到排很久的人體彩繪)
1433	終於趕上了...妹妹馬上上場....
1434	專注的妹妹~~
1435	美麗蝴蝶上身...(是誰比較美啦~~)
1436	null
1437	都市上班族的午餐車；其實還長很多，無法全照不進來。比起來臺北實在太方便了，到處都是店，餐車沒啥發揮餘地。
1438	登上Hamilton 的 escarpment；他可是一直連到Niagara Fall 喔！
1439	特區II: ‘它“其實很溫柔。
1440	多倫多的“唐人街”
1441	AGO 的原木裝潢，有船的味道。

There is a special exhibition of Francis Bacon and Henry Moore --- Terror and Beauty;  their works are very strange -- trauma, deform of human body, etc. 
1442	Art Gallery of Ontario (AGO) 的週邊
1443	這是old town酒廠特區巧克力工廠，我們喝的是特濃巧克力(classic dark)，讓詠沂回味無窮，沿路講到家。
1444	Toronto old town -- 一個很像我們華山藝文特區的地方，他是Victoria 時代的酒廠，現在變成一個很有特色的商業區，街名都沿用以往酒廠的功能而命名(如cork st., distilled st.)；有各種designer的店從衣服到鞋子都有。餐廳也很有特色。我們吃了“Brick Club”(雞肉) 和 pulled pork 三明治，份量超大。
1445	St. Lawrence Market, Toronto
1446	Spagetti Squash: 我一直想試的菜。
1447	null
1448	晚餐在Dundas上三草亭吃日本拉麵。這位年輕的老闆娘積極的帶領新人。員工是乎都是新移民(日文都很“標準”英文口音也很日本)   --- 偷照很漂亮的老闆娘
1449	null
1450	null
1451	甘地像及烏克蘭移民一百年紀念。city center
1452	在這兒真的可以“看到春天的腳步”。
1453	null
1454	I will learn how to say "No" in 2014.  It is too busy this year.  Ongoing projects seem ongoing forever.
1455	null
1456	我窗外的老友們；只要天氣好，到辦公室夠早就看得到他們。
我還在窗外看過台灣藍雀!?
1457	每年都來東華，卻沒住過校外的民宿;此次是“春上春宿”; 
照片中的小狗是旅館的小狗，我揮揮手他就自己過來和我玩耍。
東華運動場司令台是攀岩場。
1458	null
1459	Sile -- 黑海邊的小漁村
1460	用土耳其書法畫出的Sema Dance
1461	P1030798
1462	P1030808
1463	null
1464	null
1465	null
1466	null
1467	null
1468	null
1469	null
1470	null
1471	null
1472	null
1473	null
1474	null
1475	null
1476	null
1477	null
1478	null
1479	null
1480	null
1481	null
1482	null
1483	null
1484	null
1485	謝謝My+DNA的贈票，讓雙寶有機會體驗精緻又溫馨的親子館！空間寬敞明亮，遊戲區又依照年齡及肢體活動的不同讓孩子分樓層玩耍，不想爬樓梯（指我）還可以搭電梯帶小孩上上下下的玩，重點每層樓都貼心設有洗手間，帶小孩來玩真是讓爸媽太輕鬆了∼
1486	超精彩的研習！很棒的電台，無私的分享資源提供大家學習！
1487	等了一小時，終於...
1488	候補中...
1489	破病媽媽蹓小孩！我要看醫生啦∼
1490	好好玩∼^_^
1491	沒有拍到妹妹耶@@
1492	好食&好飽！
1493	Good place for kids!
1494	運動一下
1495	到了走馬瀨，第一件事就是泡茶，接著看一個升不了空的熱汽球，最後帶雙寶去親子廣場放電，裡面的休閒活動我都還來不及看一眼就天黑！這裡時間過好快喔∼∼
1496	變天了∼=_=
1497	真的不好找∼辜狗定位錯誤！
1498	宵夜∼完食！
1499	吃的好撐喔！打包帶走∼
1500	null
1501	好多人∼塞爆嚕！趕緊撤∼
1502	收錄到口袋名單！
1503	非假日，人確爆多=_=
1504	消磨小孩精力的好地方！重點是新開的喔∼^_^
1505	不錯吃∼適合姐妹聚會！哈哈∼
1506	終於可以進去玩了..身高剛剛好”95cm”,努力吃飯是有代價的！
1507	接老爺下班！一上車立刻睡死∼
1508	原來，爆米花可以搞定小孩的一餐，真是太容易了！
1509	null
1510	冷颼颼∼
1511	超適合小孩的地方喔！免費又好玩∼
1512	null
1513	拍不完的泰迪熊∼
1514	人好多！拍照像在打仗∼
1515	null
1516	休息一下，準備考試！
1517	null
1518	null
1519	又一個可以免費蹓小孩的地方！
1520	null
1521	空中花園被包下了！
1522	半天就玩完了！好在是跟學校買票一起去∼
1523	null
1524	好難找的店，無知的在門口打電話問人家店在哪∼丟臉事績再添一筆！
1525	沒什麼人，來餵蚊子，雙腳被叮的都是包！但卻又不錯玩耶∼
1526	很棒的民宿！剛好適合小孩的泳池
1527	海鮮披薩+義大利麵！
1528	我果然是雨神！
1529	基本救命術研習
1530	null
1531	包場耶！！
1532	null
1533	Happy Valentine's Day to all of my friends!^_^
1534	不一樣的米拉！
1535	新北市夏日藝術節
1536	手印畫動物園繪本，完成！YA!!!
1537	溜小孩
1538	null
1539	null
1540	人好多，拉拉熊小車今天賣完！
1541	null
1542	好好吃！
1543	很美的大學
1544	陽光耀眼
1545	排隊等熱氣球，排到腳快斷∼
1546	出發嚕！要各自前往不同的地方渡假啦！五天後見！
1547	"馬麻”開車溜小孩
1548	小孩聚會！
1549	不錯玩！
1550	null
1551	出發北上，回家囉！
1552	玩沙看日落
1553	老闆，招牌全上了吧！
1554	豔陽高照
1555	人山人海
1556	null
1557	So early in the morning
1558	null
1559	隱身於秘密的叢林裡！讓我們車停在”小”門口處打電話問老闆：請問入口處在那？（尷尬…）
1560	null
1561	null
1562	null
1563	享受另類的泡泡浴!
1564	null
1565	看我頭頂泡泡~~
1566	雙寶玩太瘋...讓乾媽們手忙腳亂!
1567	null
1568	被泡泡襲擊!!!
1569	泡泡仙子~~
1570	null
1571	少一隻...千千玩累在睡覺嚕!
1572	null
1573	null
1574	null
1575	null
1576	老爸在講有沒有在聽?!
1577	null
1578	null
1579	掉了一隻鞋的千千只能坐在推車裡!
1580	老爸找鞋找的粉累了!
1581	null
1582	太陽大到不可思議!
1583	null
1584	綠色的小玩意,讓琋琋愛不釋手~
1585	萌少女!!!
1586	null
1587	雙胞胎~猜哪一個是本尊?
1588	null
1589	正在學走路的千千
1590	認真的女孩最美麗~!
1591	null
1592	最近很愛嘟嘟嘴喔~!
1593	null
1594	null
1595	怎麼有這麼舒爽的狗…真的是公主∼
瞬間變狗奴才… :-S
1596	4月慶生會—阿母、阿弟&momo聯合慶生∼
結果可憐的momo只能在家癡癡的等打包美食…
1597	小b下午茶…可愛∼
1598	null
1599	null
1600	null
1601	一直下雨∼
1602	終於快要可以開啟休假模式
1603	好熱@@
1604	null
1605	貳樓廁所居然也有老四川的噴頭耶！Lea Lai 快來！哈哈∼ ^_^
1606	復刻版桌遊!
1607	null
1608	null
1609	null
1610	沒有台灣????
1611	null
1612	年會超屌!!!510個交換學生??
找得到我的就找吧哈哈
1613	null
1614	null
1615	null
1616	WTF!!!i have to go to school tomorrow morning
1617	法國學校好就好在沒課還可以出來打撞球哈哈
1618	每次去健身房回來都不會感覺很餓，但是吃不飽！
以後去吃吃到飽之前花個50塊先上健身房吧哈哈
1619	null
1620	null
1621	過去的20分鐘我在我出生到現在遇過最險惡的環境行走，還好冠傑體力好又命大！哈哈哈哈
1622	null
1623	null
1624	巴士旅行累爆了...六個晚上總共只睡了22個小時!??
現在剛到家！20分鐘後要出發去滑雪??
1625	null
1626	null
1627	小旅??????
1628	麥當勞有賣馬卡龍????
1629	下午沒課??
1630	剛剛地震好可怕
1631	null
1632	null
1633	四天沒睡加上今天在扶輪社一直想吐，快死了??
但是也因為感冒感受到同學們的溫暖??
1634	null
1635	今天跟轟哥轟姐還有轟姐的朋友去speedpark五個人裡面就我沒有駕照還第一名哈哈
可能是不懂行車安全吧!!!
1636	最後一天在第一轟家睡覺了，明天下午第二轟家就會來接我了!
1637	不用上課的交換生活真爽
1638	凡爾賽宮很像中正紀念堂！全部都是大陸人-_-#
1639	null
1640	巴黎之二哈哈哈哈
1641	法國好美
1642	null
1643	null
1644	null
1645	null
1646	So happy today:))
1647	null
1648	null
1649	null
1650	null
1651	比利時找轟媽的媽媽?
1652	null
1653	剛到家就看到這個！覺得我的接待家庭應該想殺了我家裡還一堆泡麵又買哈哈哈哈
1654	第一場雪!!!
La premiere neige!!!
1655	null
1656	我受不了了！那些在台灣的都沒有資格跟哥喊冷！
1657	null
1658	去你的Theatre！
一天到晚叫我們演一些奇怪的東西-_-#
1659	Happy to hang out with you guys:))
1660	今天真的是超爽！
很敗家的買了一支錶^ ^
1661	null
1662	null
1663	隔壁鄰居大半夜不睡覺在那邊彈鋼琴，是腦子破洞？
1664	null
1665	null
1666	昨天去逛家樂福，我拿了一盒健達出奇蛋，轟爸叫我放到籃子裡面！我就跟他說我要自己付因為我要分一些給朋友，結果他就說好！然後我想說他要讓我付，我就拿了很多我想吃的東西!結果結帳的時候轟爸衝過來把我手上一堆東西都搶去結帳-_-#
以後跟他出去逛街都不敢買東西了喇-_-#
1667	兩個神經病說好今天不能睡覺哈哈哈哈
有一隻豬一直睡，還害我買了一整隻烤雞.....
2:14......還得撐段時間哈哈哈哈
1668	環境會改變一個人的價值觀!!!!在台灣1包洋芋片25元買2包就覺得很浪費錢，在法國1包洋芋片如果能用60元台幣買到就覺得很便宜!!!
簡單來說:
0.8歐在台灣可以買到一瓶600CC的可樂，在這裡只能買到鋁罐的!
1.5歐在台灣可以買到家庭號的可樂，在這裡只能買到600CC的
2歐在台灣可以之吃到1個便當，在這裡可以吃一包薯條= =
在速食店吃飯至少6歐起跳...在台灣都可以吃小火鍋了

只能說想在法國活下來就自己煮吧... 哈哈哈哈哈詹森
1669	null
1670	今天上完法文課揪了一堆人去吃中國餐廳的Buffet!!!!真的不錯吃:)))至少大家都這麼說哈哈
Luis Gustavo帶我去逛了一家很酷的書店！有賣很多Monster beats的耳機!!!!
回家之後跟轟媽一起做蛋糕:))簡單（對我來說）
然後今天轟爸一直搞笑哈哈哈哈
1671	null
1672	null
1673	null
1674	來法國第一次吃到可頌^_^
超讚的:)))
1675	今天心情整個超好喔！早上跟轟爸去練Tai-jitsu，然後吃了一個超棒的午餐（薯條+火腿蛋）
，下午又去上第一堂THEATRE!!!! 老師叫每一個人上台演戲！
題目：從門口很悲傷的走進來，然後走到窗戶旁邊，然後想像突然看到一個東西就要超級驚嚇的彈到桌子旁邊...再來要跑到另一個定點，想像自己撿到一個東西然後很開心的離開!!!

聽完這個題目我立馬想到 陰 屍 路！

我就很小心的走進來（完全不悲傷-_-#）然後走到窗戶旁邊，想像突然看到外面有殭屍，然後就立即拔槍向後退...
然後在跑到定點...想像把一個死人的手扒開然後把他手裡的槍拿走，再很快樂的離場:)))

超 好 玩：）

放學之後到袁瑋瑩家吃點心...又跟 童祥和 詹森SKYPE超爽!!!!!

然後今天在路上看到一雙絲襪美腿，結果她一回頭發現她是黑人然後.........沒穿絲襪！哈哈哈哈    笑一個快死-_-#
1676	今天突然發現每個人都有一組學校wifi的帳密!!! 超爽:)))哈哈哈哈   但是Fb和Line都被封鎖哈哈..
1677	null
1678	null
1679	最近學法文學到有點精神錯亂....看到英文都會念成法文發音= =
1680	想說有點可憐在台北的你們看不到月亮....出去幫你們拍一下，結果我就很天真地穿著我的睡衣(短袖+短褲)就這樣走到院子..... 結果冷到我全身狂斗，路人看到我因該會覺得我被電到吧= =
1681	null
1682	null
1683	Oh!!!David!!
1684	已經好久沒有6點起床了！
累死-_-#
學校上課 都 聽 不 懂!!!!!
我還上他們的文學！聽的懂我就回台灣當老師了=_=
午餐排隊快1小時才輪到我:((
1685	明天就開學了!!!雖然沒有很重的課業壓力，但還是有點緊張同學不會跟我講英文....
1686	null
1687	Finally arrive:))
1688	出境了！希望一切順利^_^
我會想念大家的！
1689	大家明年再見^_^
1690	哇哈哈哈！在一個小時就要離開家裡了!!!!!
1691	null
1692	null
1693	拍不到星星喇-_-#
1694	null
1695	null
1696	null
1697	累死-_-#
騎了快一小時才到！
1698	玩整天好爽!!
1699	有璿今天頭七.....
1700	null
1701	-_-#
超瘋狂！
可是我們都不想睡^_^
1702	null
1703	這暑假.....

爽的有點太超過了^_^
1704	也太會吃-_-#
三個人點餐點了七次
1705	Welcome
1706	null
1707	打工真的有累到-_-#
1708	null
1709	null
1710	圖書館好讚喔！！！??
1711	null
1712	基測剩16天??

大家加油了！！！

等到考完試再一起出去玩^_^
1713	第二天了！好快喔！
1714	畢旅半夜被叫去走廊罰站！因為我們在看飛天小女警！！
1715	晚會並沒有像隔宿那麼High!!
1716	運動沒流汗
1717	null
1718	null
1719	晚餐^_^
1720	晚餐^_^
1721	好累.....
1722	兩天都在吃！我要肥死了^_^
1723	null
1724	null
1725	null
1726	null
1727	null
1728	null
1729	null
1730	好無聊喔！
1731	null
1732	null
1733	null
1734	null
1735	null
1736	null
1737	null
1738	null
1739	null
1740	null
1741	null
1742	null
1743	null
1744	臭咪早上6點多就跑到床邊抓我的臉，把我的手拉下床

假日比平日早起，淚都乾了: (
1745	早上8點買的海鮮堡，現在終於有時間吃了XD
1746	完蛋了完蛋了

有個大一學生剛剛中午在餐廳巴助教的頭

這學期要被當了
1747	昨晚只睡了一個半小時Q_Q
1748	覺得累累
1749	我今天上的課是多位任課老師合開的管理課，

專請知名企業的老總、老董來演講，

今天講者是生寶臍帶血的集團董事，演講結束後，其中一位任課老師發問：

我們這堂是管理課，
你們是做生醫的，之前美兆集團曹總裁也來演講過，很清楚說明他們的企業管理，或是像台電公司他們也有自己的方法，

但是我剛剛聽你講完，你都沒提到你們如何做內部管理，或營運圖表也沒放，有了臍帶血，我花一筆錢存在那，吳淑真還是沒站起來啊

（這是老師嗆講者的意思嗎....？）
1750	覺得迷路
1751	下午6點我幫打掃阿姨一起打包這半個人高，1.5個人寬的垃圾桶

現在11：30我們要回家了，

才經過5個半小時，它又滿了！？

我們念資工所會胖不是沒原因...
1752	下午跟老闆開會拿到兩項任務

明明很簡單的東西，卻想了一個晚上，現在還是不知道從何下手，

學的越多，顧慮越多，

以前寫程式，哪管效能、安全性、程式漂不漂亮...etc

現在......

-----覺得腦袋不靈光
1753	他是雞吧？

我在學校發現他在逛街.....
1754	今天愚人節笑到牛仔褲都破了。
1755	天氣實在太熱了，溜回來吹冷氣...

學長們加油，精神與你們同在！
1756	晚餐吃完回學校寫程式ˊ_>ˋ
1757	感謝兩位特地送來的禮物∼∼
1758	午餐：）
1759	嗯..每晚從lab回家都有點可怕。
1760	當研究生的樂趣在於

看見耕耘一整天的程式跑出不錯的成果

晚餐也能吃得津津有味了∼

ps.剛剛摩斯店員差點請我吃晚餐
1761	首先，感謝諸位的愛戴與祝賀∼

讓我最近每天在研究室待到半夜，生日也不例外，

下午開會卻被電到天花板上的鳥氣一掃而空，

今天回來，收到來自台中、台北、桃園、高雄、美國的賀卡、禮物

深感窩心啊∼∼

也感謝今晚一起吃慶生晚餐的各位，

以及辛苦寫卡片的內人，

今年願望還沒許，現在來許吧！

第一，

我希望明年、後年、5年後、10年後..，大家每年都有機會聚在一起吃飯、聊天，就像往常一樣！

第二，

我希望我們這些研究生都能順順利利的畢業，不要被老闆扣留，找到一份喜歡的工作；
有工作的同學，希望老闆不血汗、準時上下班、薪水年年漲！

第三，

......

第四，

英九下台，謝謝大家！
1762	唉....
1763	生日小確幸，寫一整天的程式，終於找出問題

謝謝大家今天的祝福：）
1764	....在台北車站迷路，捷運找超久

到底誰設計的環境，像迷宮想逼死我嗎(￣?￣)?

英九不用負責嗎！？
1765	Brunch一隻雞XD
1766	每次我盤腿坐在地上打電腦，

啾咪就會來窩在我腿上，然後安靜的睡著∼

好Q~~~~~
1767	騎到站點發現...

沒位子還車...=.=

總算等到位子...

刷卡卻有一堆錯誤回報

刷了10幾次車是鎖上了，但還是一堆錯誤訊息，都沒說已還車成功

也不知道會不會之後說我逾期沒還車，又收罰單？

爛東西到底誰寫的...

未看先猜又一堆巨額經費的產物

（gan....顧打這篇搭錯捷運，生氣必成北七）
1768	凌晨4：10剛回到飯店

最後一天在韓國吃宵夜

好開心，因為明天要回溫暖的臺灣了！！

上一次來韓國玩，心得是....

「去你媽的韓國人」

這次六天五夜的心得，明天再說，待我吃宵夜先！
1769	凌晨3：20分，吃宵夜....
1770	通往天堂的階梯ˊ_>ˋ
1771	坐一排，只有我看過敏，其他全都要打肉毒、打小腿、打鼻子、雷射除紋....

我幫啾咪掛號去除個毛好了
1772	（10分鐘前的捷運上）

宅宅：都講幾次了，叫妳出門順便幫我帶是不會喔？每次都要我講，妳白癡喔？

正妹女友：吼...對不起嘛我又不是故意忘記的，你幹嘛講的好像都是我的錯....

宅宅：對，最好就不是妳的錯，很好。

正妹女友：可是那是你自己的東西.....

宅宅：so? so? so? 就順手放進妳包包很難嗎？ 很難嗎？ 走了啦下車啦！

正妹女友：吼你拉痛我了啦，很痛，車又還沒停，幹嘛那麼趕....

宅宅：我趕？ 「現在人這麼多」，不快點走會出不去妳是不懂嗎？


（靠北啊，你也知道捷運上人多還當眾耍廢.....）

（剛剛點飲料時）

宅宅B：你們有沒有行動充電？

星巴克店員：我們沒有耶不好意思，你是什麼手機？（準備找零）

宅宅B：嘖！ 巴特服賴啦！（很不屑的??手指挑撥，示意要零錢）

（今天阿宅們人品沒有極限，星巴克沒有手機充電服務吧？ 店員還問他哪款手機幹嘛.....）
1773	捷運上，不時會有橫衝直撞、肘擊必殺、腳踩攻擊的野生歐巴桑出沒，

有時我會想....當兩隻歐巴桑遇上彼此時，她們會發生什麼事情？
1774	餐具很特，但不知道好不好吃？
1775	身體健康就能省荷包...

Q_Q
1776	（美食街的壓迫感也太扯...）

這裡吃東西都沒得選，

我要鯛魚飯

a店：只有牛肉飯

好吧，5分鐘後

a店：商量一下，半豬半牛可以嗎？

ㄜ我吃別的好了....

我要東坡肉便當！

b店：只有雞腿跟排骨

那醬燒雞腿好了

b店：不行，只有炸的，100塊謝謝。

（咳到吐血，看完內科還要轉診等2小時，吃飯也這麼辛苦...）
1777	一天是要報幾次吳憶樺....

他回來兩天就跟30歲的記者姊姊喇舌這也要報

怎不乾脆飛巴西採訪女友：妳頭上怎麼綠綠的？
1778	今天一早鬧鐘響，正打算下床去按掉，

雙腳伸出被子後，居然直接摔下床，

瞬間都醒了...因為雙腳麻到完全沒感覺，無法站立啊∼∼

短短幾分鐘突然體驗到傷殘人士的辛苦: (

話說已經咳了好幾個晚上都不能睡好，吐痰都有血絲了

剛剛把藥單拿來一看，醫生只開了胃炎藥、止痛藥，沒有任何喉嚨痛跟止咳的藥啊！！

到底是想逼死誰.....
1779	每次看越南籍同學報proposal有兩個特點

1.童軍式的稍息動作
2.字正腔圓帶著濃濃的口音說：
hello everyone my name is XXXXX,i'm going to introduce ...

感覺很像在看小學生的英文朗讀比賽
1780	happy new year 2014
1781	施博文已經輸2萬了！！
1782	我只帶50塊出門
(╯°□°）╯︵ ???
1783	凌晨一點，我們還在研究室工作..
RoadMovies｜dots by internavi
http://www.honda.co.jp/internavi-dots/roadmovies/
1784	剛剛開完會，

老闆贊助一千大洋的晚餐XD

「讓你們吃很爽！」
1785	吼....今天第一餐，好餓

(╯°□°）╯︵ ???
1786	平安夜+聖誕節

連續兩天老子都在研究室熬夜

咖啡配論文

黯淡的望著大家過年過節的氣氛

好生羨慕啊~~


蕭淑貞妳說怎麼辦....
1787	null
1788	這兩隻小傢伙不知道在思考什麼人生大事...

統治世界嗎？
1789	趕時間就隨便挑一間餐廳走進來

結果是西提版的泰式料理=_=
1790	巧遇正妹

XD
1791	手殘沒藥醫..
1792	兄弟下個月要去美國了好感傷啊
1793	好啦我愛哭愛跟路.... Q_Q
1794	台北同學會XD
1795	真的是純手工Home made耶...

這女孩好認真的在實現自己的夢想

好感人T__T
1796	大學的時候，

我都提著早餐進教室，

拿著筷子上課。

念了研究所，

拿著原子筆吃下午茶....

出來混的，總是要還O_Q
1797	好~舒~服~~~

按完再喝一盅雞湯：)

(這女人說她剛剛睡著了@@)
1798	吃完薑母鴨又吃炸雞XDD

韓式燒酒像感冒藥水...
1799	以前念大學,

總覺得逢甲商學院的建築比理工學院有質感

念了研究所之後,

已經不只是建築物的問題了..

我們只差一層樓而已啊O_Q

(我好像明白了什麼....)
1800	台北難得的陽光、藍天、白雲

覺得奢侈的一天~
1801	高級特務出任務

一天花3K還直接跟公司報帳..

過好爽XD
1802	為什麼開外幣存摺要看學生證？
1803	啾咪一日駕駛長~
1804	事情是這樣的...

我的房間左邊，住著一個胖宅工程師，每天早上七點出門就大力甩門，半夜就在房裡阿阿阿的叫。

於是惹怒了我右邊的鄰居，她似乎是一個有高度幻想or神經質的護士，(也就是之前時不時在晚上我只穿一條四角褲跟背心在房間看電影時來敲我房門的那位)，

於是她去跟房東說了胖宅的生活習慣差，然後房東就要我們這些房客配合演戲，房東騙胖宅說要把房子賣了，請搬出去。

於是胖宅跑去敲神經病護士，不對，神經質護士的門，

問一句：房東要我們搬家？

接著神經病，不對，神經質護士就一直不斷的腦補一些幻想劇情....

ps.這是什麼對話群組？
她跟我要了line，說要創一個我們這些房客的群組，而且取了一個奇怪的群組名稱，說是來自歐洲某個小鎮還三小的...i dont care
每天都有100、200則訊息，零北都懶的開LINE了

ps2. 我講了一堆廢話只是想表達，我的鄰居都是怪咖，這是為什麼我整天在研究室到半夜才回家的原因之一
1805	學校每次準備的午餐都好好吃XD
1806	15:30 吃早餐
1807	提前慶生~

生日快樂！！

：)
1808	is time to go home ：)
1809	剛剛我去廁所

發現一個留著落腮鬍戴著耳機到胖宅尿尿完沒洗手

於是跟在他後面，看他走到哪間教室

居然走進我上課教室..

哦！ 那我看看他坐哪好了

幹！他坐我旁邊 
幹！他坐我旁邊 
幹！他坐我旁邊 

他時不時抖腳，斜眼盯著我的手機螢幕觀察我在幹嘛

於是我打了這篇文章

(零北承認就是要打給你看到的........胖子)

我好像越來越賤了~
1810	感謝Daniel Hsieh的大恩大德~~~~
1811	剛剛坐在位子上翹腳

不小心推到桌子下方

突然發現原來我的桌子有隱藏式抽屜

但抽屜裡面..........
1812	黃彥鈞 你問.....前面那位？
1813	(當我畫了第一個架構圖)

老師:太潦草了

(於是我畫了第二個架構圖+Class說明)

老師:不夠詳細,應該要有程式碼

(於是我畫了第三個架構圖+程式執行流程)

老師:不夠清楚,應該要有一些執行的模擬圖

(於是我畫了第四(4.1,4.2,4.3,4.4...)個執行流程的模擬圖)

老師: 其實應該要放程式碼來說明才比較清楚

(於是我畫了第五個程式碼的執行流程圖)

老師:應該要有類似架構圖的東西

(不就是第一張圖嗎.....)
(不就是第一張圖嗎.....)
(不就是第一張圖嗎.....)


我都要崩潰了....淚都乾了...................................
1814	謝謝兩位~~

下次見囉：)
1815	正港的"永和"豆漿~~~

從台北市跑來台北縣吃宵夜

超大碗豆漿才25塊~
1816	小寶的粉絲不好當Q_Q
1817	下午茶是要付出代價的...

(喘...)
1818	在拿下全世界之前，

我是不會回去找妳的。

台中的捧油們掰掰Q__Q
1819	happy birthday~~

part 2
1820	我小看它了....

第一次來IKEA耶~~~~
1821	謝謝妳們~~~

要天天開薰喲：)
1822	又餓又累又濕的一天：(

好想快點回台中吃飯
1823	慶祝颱風假~

(第一次來威秀看鬼片...)
1824	今天早上一醒來張開眼睛

就看到這兩個小傢伙已經起床趴在床頭看我睡覺

怎麼有一種莫名的幸福感

突然好羨慕蘇奕軒啊~~

每天被兩隻可愛的貓萌醒
1825	路痴一個人在台北市跟新北市搭捷運、坐公車、手刀奔走一整天，決定這間了！

交通資訊：

萬隆站(台大、台科大公館站的下一站)

3號出口走路7分鐘，在3樓而已喲

等我搬來台北歡迎來玩耍喔

一樣請保持乾淨謝謝~~

(照片最後的FIN是我今天的晚餐，沒空吃飯啊Q_Q)
1826	為什麼台北看屋

總是實體跟照片不符？

雖然6樓但房間內還算可以

週邊生活圈也不錯

搭公車約4站就到頂溪捷運站

(這是IKEA傢俱房的實體照)

晚上還有另一間要看...好累：(

明天下午老師約meeting

可是明天還要看一天的房.......

真是辛苦蘇奕軒今天一早就陪我出門看房了
1827	這兩隻小傢伙真的很忙..
1828	日本妹讓我們養成一個壞習慣...

(.....)
1829	今天淺草雷門的祈運黑檀手環帶來好消息：)

東京天空之樹

國立台灣科技大學 x 資訊工程研究所
1830	最後一天參拜行程：)
1831	燒肉放題 in 90 min

吃到叫媽媽@@

(居然有辦法在吃到飽點餐...XD)
1832	好巧~

這也是來自台灣

朝聖啊！！
1833	來自台灣阿里山的神木所製成的鳥居~~~~
1834	一蘭拉麵  世界最高！！！！

好懷念的味道：)
1835	今日的富士山女郎：)

依喲爹斯嘎？
1836	穿長袖防曬？

不，是防寒=.=

騙人的吧...夏天還真的零下結冰啊！！！

(真的很冷)
1837	good weather so far today

is good to see Mt. Fuji 

have a nice day：)
1838	森美術館關了，哈利波特展關了，

一瓶1000日圓的啤酒賞東京鐵塔，

So sad：(

松板豬排飯好吃的莫名奇妙...
1839	絕對不是痴漢！
1840	我居然

從早上9點多待在星巴克一直到下午5點多....

到底怎麼辦到的...
1841	party怎麼可以缺席！！！！！！！！！！！！
1842	今天午餐好豐盛~~~~

3：30跟設師有約

晚上繼續趕工作進度

美好的一天~~~
1843	陪姐再笑一次~
1844	午餐午餐~

：)
1845	好餓~~~~~
1846	我：蔬果棒？

店員：沒有

我：密斯朵？

店員：沒有

...

廖晨鐘你說這樣可以嗎....
1847	感覺是悠閒的禮拜日~~~

一起床就好想吃蔬菜燉飯~~

結果吃飽還得趕工作進度Q_Q
1848	好像有點多...
1849	又來到歡樂週末電影時光~

兩個大叔來看大叔~

明天禮拜一，工作加油：)
1850	吃到起雞皮疙瘩...

出來外面曬太陽真舒服

我也好想要........
1851	道歉文：

對不起大家~~~~~

因為我手機忘了開聲音

歡樂午餐時光睡過頭T__T

而且忘了起床買廖威安支持的敵隊贏

然後.....

所以是哪隊贏了=.=？

(男生道歉不用露出胸部吧？)
1852	根本霧茫茫...
1853	以前看重的事情

現在都不重要了

以前不在乎的事情

現在卻能逗我笑了

呵呵~ 吃晚餐吧：)
1854	食物，簡單，就是美味

空間，簡約，就是舒適


老友，相聚，就有歡笑

下次見：)
1855	今天一整天有點恍神

還花了兩個小時思考晚餐要吃什麼

結果來星巴克啃蔬果棒、寫營運分析

店員：需要什麼？

我：蔬果棒

店員：ㄏㄚˊ　你喜歡吃這個喔？

我：嗯

(吃蔬果棒錯了嗎=.=)
1856	從上上禮拜某天開始

「幾乎每天」要出門時

都會發現我左邊的後照鏡被弄歪

是無心的我就不計較了

但停車格我幾乎靠右停了

留了好大一個空隙給他

我左邊停車格的人兄是