244,O(^_^)O家！
2283,東湖摩斯漢堡
2415,林森公園
791,國立臺北藝術大學達文士餐廳
710,Flemington Racecourse
1640,青青食尚花園會館
3469,春和泡湯
2642,國立台灣科技大學體育館
2942,家樂福重慶店
1902,台北市立中正高中
2662,遠雄海洋公園
2063,東湖車站
2955,新莊中美市場
1078,貴族世家牛排昆陽店
688,バン達人手感烘培
3427,原燒中港店
714,Warner Bros. Movie World - Gold Coast, Australia
2326,京采飯店Splendor Wedding Banquet
423,Bellini Caffe貝里尼餐廳
2040,羅東夜市 羊鋪子
3126,台北福華大飯店
2046,大同健身學院
385,Taipei World Design Expo 2011
1913,國立歷史博物館
3609,永康郵局
2845,中壢社福館
292,松柏復建
1445,陽明山小七
1862,Dallas/Fort Worth International Airport
1697,感光台南-光之廟宇 風神廟
3235,一番日本料理
2698,華航班機上
3180,Nacionalni Park Plitvička Jezera
340,勤美誠品綠園道-誠品書局
627,福華國際文教會館
1853,長谷川先生的家
2364,鍋大王
836,台北市信義區博愛國小
1768,Miso 東京風日本料理
1545,臺北市客家文化會館
614,圳記-紅燒鰻魚
691,北澤壽喜燒-台中中友俱樂部
952,常青餃子館
1516,行政院新聞局
3022,西螺鎮鹿場里
1592,隘門沙灘
2703,背包廚房
3619,異人館咖啡部屋
2549,國立台北教育大學新大樓
3327,輔仁大學 Fu Jen Catholic University
2851,西門町
2158,Starbucks 星巴克 (西湖門市)
1561,釣魚兄的雞排
736,O' Sweet
1417,＋－吃
2106,文化大學後山  Sightseeing Night City view .
2433,墾丁悠活渡假村
1718,腳踏車芋泥
2184,台北市立婦幼醫院
1055,台灣味100熱炒
1074,沈家涼麵
3584,新竹客運（新竹站）
3387,瑪森高地
3638,新化雞蛋糕
610,發現義大利麵
2404,一中商圈
2926,周胖子天母店
866,FRANK'S台灣自創品牌+店面休閒時尚街頭服飾鞋類
853,光麵公益店
2768,1885 Burger Store
1566,貝斯特早餐
2850,中壢火車站旁邊的7-11
1227,Panera Bread
1825,Costco
2674,阿和小吃
3487,等烈島日式濃煙碳烤
387,欣葉
1454,台中東海商圈
2492,Sweet Home
1675,機場
1409,國立臺灣大學第二學生活動中心
3423,逢甲人言大樓
42,Bugis Street
284,香草花緣主題餐廳
2980,Tohouse兔子餐廳
2154,西湖市場
612,世貿1館
1639,至善園
2992,馬辣頂級麻辣鴛鴦火鍋  公館店
3105,1010湘菜
2298,淡水紅毛城 Fort San Domingo
361,ZARA☆
1233,Mercedes-Benz  of Beverly Hills
396,巷子內神秘耶誕大餐
3415,羅柏小木屋
2406,金色三麥 台中市政店
2309,快樂保齡球館
646,Bukit bintang
2325,京釆飯店
1717,中原大學
2732,成田国際空港 第1ターミナル Narita International Airport Terminal 1
1159,Red Mesa Cantina
550,響法 IDear Inc.
2913,礁溪大衛之星溫泉度假中心
666,中央市場生猛活海鮮
1572,Dazzling Café Mint
2938,高速公路
3227,桃園國際機場
2152,六福水樂園
2221,信義國中
143,MONI咖哩
3441,我家
1151,BJs Brewhouse
871,財團法人台北市松山慈祐宮
140,女王漢堡 Burger Queen
1771,蜜蜂故事館 HONEY MUSEUM
2032,龍潭科學園區
2333,瘋狂計程車上
1188,The Twilight Zone Tower of Terror
1447,台灣高鐵台北站 THSR Taipei Station
737,TICC  臺北國際會議中心
556,雙連三五韭黃水餃
3033,石門婚紗廣場
455,Traveller's Lounge Hong Kong
1471,美麗華百樂園
1045,疆毒
1390,包心粉圓-魏姐包心（羅東夜市）
3069,好市多costco 汐止店
1636,紫光
3539,Green Island - 綠島
1972,連江縣政府
741,Alice愛麗絲咖啡
1122,The Capital Grille - Tampa, FL
842,日光湖畔
1991,考試考好晚還寫不完+不會寫是怎樣
633,馬辣頂級麻辣鴛鴦火鍋
190,Beauty
966,東齊金屬
2455,古坑服務區
2484,桃園高地西班牙餐廳
2194,19號咖啡館
1083,International Spy Museum
391,Delifrance Damrak
3049,北新游泳池
121,American Airlines Terminal 4
1299,南投埔里中台禪寺
2608,桃園統領百貨
674,富濠飯店
3179,Grand Hotel Adriatic
1632,花月嵐 三越南西店
2417,柏林頓花園 Paddington Garden
2612,台科大排球場
1164,The Moon Under Water
2840,光隆中醫診所
1407,饗食天堂 中壢店
3507,嶺頂土地公廟
1068,板橋車站
1743,宜蘭林場
2425,中條通（早安美芝城）
155,N.Y. Bagels Cafe
217,Shark Bites Toast(鯊魚咬土司)
81,Sapore
344,Room 4 Dessert
3371,千葉火鍋南京尊爵店
1256,東ㄧ排骨餐廳
3459,桃園縣立光明國中
1345,三義-金榜麵館
346,飛機上
2837,星巴克彰基門市
2595,國光客運埔里站
2378,原創花雕雞
541,Neway Sing K Berjaya Times Square
3518,一郎日本料理餐廳
1372,錢櫃ktv-中華店
436,Paris Las Vegas Hotel & Casino
1617,黑輪伯
2509,신촌
765,黃文香兒科診所
468,洋蔥牛排餐廳-士林店
747,蓁綺曦億居(=^ェ^=)
2146,龜山工業區
3404,西門町 Ximenting
1654,北海岸
258,海鱻味刺身壽司屋
1394,花蓮南濱公園
2172,六條通魷魚羹
2277,肯德基
68,Emporio Della Pasta
2780,出一張嘴萬華店
49,Bishan Sports Hall
3517,悅禾villa
2307,超哥故居
3197,阜杭豆漿
100,Shang Ri La
417,Danny&Company
2725,馬祖南竿大漢據點坑道
2231,萬巒海鴻豬腳大王(加祿分店)
2412,胡椒蝦
635,信義新光三越春水堂
1751,科技生活館
738,坪林茶園
692,岩川拉麵屋
38,Blue Riverview
58,Shangri-La Hotel, Singapore
1987,101資訊月-世貿一館
3172,Unchan Health Massage
1606,赤柯山
757,左營-台北 高鐵上
3500,內湖水中鮮生猛海鮮
2191,臺北市立聯合醫院和平婦幼院區
499,赤鬼炙燒牛排公益店
3457,Liuhe Night Market
3610,家樂福(台南仁德店)
399,鱘鱻生猛活海鮮
2153,常旺熱炒
1464,Expo'11﹣2011臺北世界設計大展松山文創園區
2521,市政府車站
95,Freshwater Place
1248,鼻頭港服務區
1255,MITSUI 上乘三井
2362,大溪和平老街
1734,足樂休閒館
1880,三軍總醫院產房
840,日月潭纜車站—日月潭站
1061,醐同燒肉夜食-胡同燒肉5號店-
3311,金色三麥美麗華旗艦店
2414,永貞霸味薑母鴨
2761,精彩火鍋-台北館前店
3068,Metro Walk 大江國際購物中心
73,Nobu, Crown Melbourne
2009,中央大學工五館
3189,Unchan Health Massage. Cp Tower.
2047,金峰魯肉飯
3596,中油美吉加油站
3284,Budapest Liszt Ferenc Nemzetközi Repülőtér
456,Arc de Triomphe
66,Gold Leaf Yum Cha 金輝茶樓 @ Docklands
252,承天禪寺
3503,蘭城晶英酒店 Silks Place Yilan
949,貓空紅木屋
1975,有衣棟透天厝
2226,八斗子濱海公園
2159,金色三麥 Le Blé d'Or 板橋店
3603,冰島
2108,淡水河右岸 自行車道
2422,Shilin Night Market
2959,大安森林公園兒童遊戲區
2447,乾杯居酒bar
3429,台中中友百貨美食地下街
358,Flat White
357,忠孝SOGO復興館-TEN燒（好吃燒、文字燒）
2828,E.R. CAFE
1565,新竹科學園區
419,The Clubhouse - Virgin Atlantic Lounge
944,涮鮮日式火鍋
2544,好樂迪ktv (台北景美店)
2418,南京錢櫃
2856,忠貞市場
3124,台北神旺大飯店 San Want Hotel Taipei
3280,新竹國賓大飯店-10F國際A廳
413,N.Y. BAGELS CAFE 阪急店
829,關渡碼頭
3041,元極道場
287,Hsiang 向 the Bistro
1118,Sawgrass Village Townhomes
2872,家竹亭新竹店
1268,Unknown Lounge
1690,台中文心森林公園
1759,內洞國家森林遊樂區
2064,捷運三重國小站 (Sanchong Elementary School Station)
2792,南港軟體園區
630,西門町柴燒比薩
1763,灑綠茶館
3438,逄甲育樂館
3632,林默娘公園
1608,豐春冰菓店
3377,劍潭青年活動中心
2130,鬍鬚張裕民店
2074,板橋遠百
609,東區特製粉圓
1380,漢記薑母鴨
416,逗點咖啡館
2741,高第大飯店
912,泰戀
2988,角板山
2772,欣葉日本料理中山店
47,Marche International
3509,白沙屯拱天宮
2714,陶鄉涮涮鍋
3419,師大夜市極簡咖啡之充滿著貓咪
1293,義豐冬瓜茶
3270,花菜干人文懷舊餐館
2650,珍鮮快炒店
3177,台茂購物中心 Taimall
3120,草嶺古道
2905,潮汕砂鍋粥
3532,基隆廟囗夜市
3186,Lisbon Portela Airport
3433,埔里
1109,Lee Roy Selmon's
2058,床上當大爺
1333,Microsoft Taiwan
3051,台大牙科部
1041,國土開發工地
2586,中華民國總統府
1905,Marina Bay Sands
1676,風櫃聽濤(風櫃洞)
136,好料理麗緻餐廳
1797,憶江南
1888,福岡国際空港
249,Shinjuku Washington Hotel, Tokyo (新宿ワシントンホテル)
818,京華城
1200,The Manor
2483,開南大學B306
72,Soul Hair
509,九州杏子日式豬排
2444,新光三越A9~瓦城泰式料理
3525,海釣船台菜海鮮餐廳
1956,安格士牛排館
1836,American Airlines-Chicago Ohare Airport
1573,　金錢豹
3402,台北-艋舺龍山寺
2574,GB鮮釀手工啤酒美式餐廳
2677,森林兒童圖書館
640,板橋捷運站
3015,龍潭收費站
2803,小李子清粥小菜
1683,日本大阪(関西)国際空港-Osaka Kansai Airport,JAL Sakura Lounge
3477,西堤牛排
3607,濃園餐廳
3560,澎湖馬公機場候機室
1239,California Pizza Kitchen
2869,鹿港老街, Taiwan
3579,台南原燒永華店
2313,千葉火鍋南京東尊爵館
3637,銅鑼
375,Baskin 31 Robbins 冰淇淋微風店
3059,四平街富霸王豬腳
2928,上海隆記餐廳
2897,新月廣場
847,台北花卉村
1770,斗六市人文夜市
1876,清華大學圖書館
3489,吳婦產科
2075,Grandma Nitti's Kitchen/中西美食
859,客家小館
279,淡水黑殿右岸店
1044,鵝肉城
3178,艾瑪LadyEmma
3368,中央研究院統計科學研究所
3293,Acer Computers
205,美麗華高爾夫鄉村俱樂部
347,Orange看電車咖啡館
389,Radisson Blu Hotel Amsterdam
521,五峰旗瀑布、龍潭湖
2855,愛癡飯
79,Crystal Jade
2906,愛買
1778,鴨肉許（西大店）
638,捷運中山站
2004,國立中央大學依仁堂
2332,錢櫃台北敦南店
2464,巧口園
1047,東海
231,林口街夜市
1034,大湖山莊
3259,Anandha Inn
3224,The One Hair Salon
2481,新楓林園
1009,凱達格蘭大道
2193,我的窩
2739,ANA 東京(成田)空港 - Tokyo(Narita) Airport
2103,坪林茶業博物館
1712,中國文化大學推廣教育部
3645,貓空車站
2258,月眉育樂世界
2970,Timberland
3522,Incheon International Airport
2736,San Francisco Marriott Marquis
1462,內洞瀑布
1665,台南周氏蝦捲總店
367,外交部領事事務局 Bureau of Consular Affairs, Ministry of Foreign Affairs
1669,好記擔仔麵
3031,富基魚港－姐妹海產餐廳
3131,麥當勞 台北研究院店
2127,苗栗縣銅鑼鄉中平村
1621,玉鑫帝王蟹鍋物
2538,花博真相館
2060,E7club
3552,尖沙咀
3331,Café Bastille 師大店
82,Candela Nuevo
2305,西門 我就厲害燒烤
3399,^_^我家
3328,BEST WESTERN PREMIER Dua Sentral
2914,大樹總管理處
319,不老莊臭豆腐香腸
92,Tai Pan Restaurant
1378,臺灣桃園國際機場華航第一航廈貴賓室
199,Les Hotels Saint James Albany
2380,爭鮮迴轉壽司（桂林家）
3156,星巴克杭州門市
1832,香港會議展覽中心
2783,台北桃園國際機埸B8登機閘口
2746,Metropark Hotel Kowloon - House Of Tang
2233,拾貳號公社咖啡
3004,阿圖麻油雞（總店）
549,阿里郎
127,LAX International Airport
1741,圓山大飯店
3555,金山鴨肉
1869,Harvard University
3592,宜家家居IKEA
2954,IKEA
636,Dazzling cafe 蜜糖吐司
2442,大遠百鼎泰豐
3361,香港海洋公園 Ocean Park Hong Kong
1324,ヒルトン福岡シーホーク
3617,屏東糖廠冰店
266,賽門鄧普拉
1301,黑白毛海鮮
1769,國立故宮博物院 National Palace Museum
1651,大安辦公室
2580,和平西路
1928,野柳女王頭
1833,Hkg Airport Express Train
722,Frankston Beach
3644,政治大學綜合院館
2319,茹絲癸
364,星和診所
2756,八里渡船頭
3535,糖朝
2198,金湧泉spa溫泉會館
2647,國立台灣科技大學National Taiwan University of Science and Technology
3367,Taiwan Taoyuan International Airport
1514,Hong Kong Coliseum
3422,下雨天
3646,高鐵左營站北上
1711,瘋狂達利 ‧ 超現實主義大師特展
3572,臺北市大安運動中心
1113,Epcot International Food and Wine Festival
1901,麵食主義 KIRIN PASTA
743,Disney's Hollywood Hotel 迪士尼荷李活酒店
187,Hampton Inn & Suites
1277,鼎旺麻辣鍋
392,台北世貿 南港 展覽館
1334,台塑大樓
1591,台北港
1961,宜蘭縣蜜月灣臺灣蜘蛛衝浪俱樂部
716,Great Ocean Road
1867,Smith & Wollensky Columbus Steakhouse
2316,武藏坊
233,國立臺灣大學共同教學館
1815,聚北海道昆布鍋台中福康店
3608,南科總理大餐廳
3220,維多麗亞酒店Grand Victoria Hotel
2956,新北市三重區綜合運動場
3151,東北角
3142,台茂星巴克
2911,喜寶集團 官邸人文產後護理之家
675,以利泡泡冰總店
2031,龍潭科學猛男速成班
2699,長春素食餐廳
1398,東華大學7-11
2284,伴吾別墅
1210,BJ's Restaurant & Brewhouse - Pinellas Park
3633,台南應用科技大學
3470,98燒烤屋
2156,澎湖享溫馨
557,板橋遠東百貨星巴克
2109,象山101
1865,Waffle House
1851,成功大學統計系
2910,頂呱呱總公司
2682,采醫漾麗診所
1206,Katahdin Restaurant
1969,四維村(西尾）
3379,高雄義大世界遊樂園
2304,我!就厲害
3447,獅王紋身
976,水舞饌大直店
3540,茂焱肉圓
3527,中原家鄉碳烤香雞排
3352,花博公園爭艷館
2555,麥當勞復興南路店
2776,Le Méridien Taipei 台北寒舍艾美酒店
198,Hotel De La Cité-Carcassone
1091,O'Maddy's Bar & Grille
460,Le Jardin, Luxembourg, Belgium
1805,十八尖山
3360,蓮園粥麵小廚
1344,出境大廳男廁馬桶上
2445,台中 中友百貨
153,Mango Cha Cha 芒果恰恰 - SOGO 復興館 B3
3554,國泰航空班機上
1814,梨子咖啡館
448,Forchetta
3636,雪山隧道
1300,八卦山
440,Club Myst
1231,A Taste for Wine
1507,Kansai International Airport
3501,麻布茶房
2113,東區-億華
2278,聯成電腦公館分校
1511,太和殿(台北總店)
1968,儷儐小吃店
2796,大魯閣棒壘球打擊埸台北汐止館(TRK.Xizhi)
3226,泰安休息站
270,三味香
378,王俊彰耳鼻喉科
1436,肥前屋鰻魚飯
2728,芹壁休閒渡假村
60,Golden Village @ Yishun
999,佛光山
516,y17
2920,2013 台北國際加盟展
2547,金燕精緻旅館
1053,新竹港南運河風景區
733,涮八方精緻鍋物(酸菜白肉鍋.涮羊肉.蒙古烤肉)
525,台灣玩具反斗城
673,元定食（台北京站店）
2745,小琉球八村渡假Villa
587,左營高鐵、捷運站
96,Kokos resturant, Crown casino
1556,內湖小貳樓
911,哈魯邦韓式料理
3012,好市多 Costco 內湖店
3265,新莊昱帝嶺海鮮餐廳
897,世紀熱炒
386,CAFE Ballet芭蕾咖啡館
1432,Starbucks Coffee 淡水門市
3353,太魯閣國家公園
2614,樂華觀光夜市
308,八德埤塘生態公園-TINA廚房-
2658,全家金華店
2008,中大偶像劇校園
1291,南庄老街
1187,The American Idol Experience
111,老師傅手公鮮肉包
3358,花月嵐阪急店
3445,九份　Jiufen
1750,Gordon Biersch 台北信義店
3183,Breeze Center 國賓影城
524,國立臺灣大學管理學院二號館
1238,Coogies Beach Cafe
1337,嘉義市中山路麥當勞
3496,屈臣氏東湖店
227,石門風力發電廠 風車
1365,CHILI'S 信義店 (Neo19)
3548,東薈城 Citygate Outlets
838,日月潭
1346,苗栗木雕博物館
2774,Dazzling Cafe蜜糖吐司
1830,Sabrina House  紗汀娜好食
2485,里拉玫瑰桃園巨蛋店
2619,台北市立育成高級中學
1860,Dallas / Ft. Worth Airport (DFW)
2321,口碑海鮮
1594,南海服務中心
2891,天母爭鮮
2257,松山機場
3350,環球購物中心中和店
2615,台灣科技大學學生第二宿舍
2737,Union Square, San Francisco
2849,林口長庚紀念醫院
3292,Lidcombe Train Station
1406,嚴選名膜- 手機包膜/超精準螢幕保護貼
2155,可口冰城
1490,新雙福豆漿
2126,名間收費站
958,建國古拉爵
2567,墾丁海洋生態博物館
2002,2012攝影器材曁影像應用大展-世貿三館
2480,Menglian 412 =)
2042,南亞科技
956,野趣
2537,My Home!!
3618,8.9生活早餐坊
3290,Best Western
833,坪林。白青長茶作坊
3465,嘉南雲峰北端登山口
2639,苗栗通霄
3057,錢都日式迷你涮涮鍋
2749,Taco House
3168,微風廣場 丸壽司
2025,蘆洲海霸王
3341,Mayur Indian kitchen馬友友印度廚房
2101,餉時天堂
3520,台灣大哥大西門町
1917,海壽司衡陽店
3285,Novotel Szekesfehervar
2762,中山樓
1219,The Home Depot
3322,Hong Kong International Airport 香港國際機場
3272,Taipei Songshan Airport
896,全家南勢角店
3443,台中之心帥哥吳政庭的家
2045,桃園縣政府; Taoyuan County Government
63,The World Restaurant Southbank
2424,Star Light Hair Salon
2821,天威漆彈戰鬥營
1105,Savory Spice Shop St. Petersburg
1259,台北車站 高鐵月台
2337,市民大道涮涮鍋延吉本店
843,統一星巴克Starbucks竹圍門市
2559,國立台北教育大學
2541,國道3號上
562,竹林小丸
496,清境農場 Cingjing Farm
2755,松屋
2895,博士鴨觀光工廠
3412,Try 門子
3641,南寮漁港
2802,瓦城泰國料理
988,元樂日式料理
3559,Ricks Chophouse
1929,中正運動中心
1936,外木山
3139,IKEA 宜家家居 敦北店
325,阿憨鹹粥
641,喜來登辰園
2994,自來水博物館
502,帛琉
313,懷念愛玉冰
3504,宜蘭冬山道教總廟三清宮
2205,Y17台北市青少年育樂中心
1444,橋壽司
3064,桔磨坊義式麵屋
2868,綠逗薏人
3561,金車噶瑪蘭威士忌酒廠
665,MR.J
3206,早點到
3334,手信坊
1866,RPAC
271,巧雅麵食館
3565,TOMER
1672,台灣大學公共衛生學院
2813,英記茶餐廳
1086,National Mall
624,福州元祖胡椒餅
1191,Downtown Disney
781,Sogo2樓 Aunt Stella's
3200,Sagrada Família
1405,國立台灣科技大學籃球場
1375,金典酒店41樓
1713,Vapiano Taipei 1
2844,Sogo太平洋百貨
528,新公園
3157,北大特區網
3339,娃娃果托兒所
372,台北天后宮
1389,捷運北投機廠運動會館
2801,台北景美河濱公園
2789,成功國宅附近
5,Woodlands Stadium
3512,麥當勞，承德長安路口
575,忠孝敦化車站
2543,放牛班小廚
637,台北巴黎婚紗
978,Brown Suger
321,孔子廟
343,捷運輔大線上
2096,象山步道
3086,台北—南港展覽館
3454,內湖五角船板餐廳
83,Bulleen Golf Driving Range
1724,國家戲劇院 - 國立中正文化中心
821,勝洋休閒農場
1038,2011台北國際旅遊展ITF(世貿一館and三館)
2791,Al dente Pasta歐登堤義大利麵
2808,奧瑞岡義式餐廳
3460,寶萊納啤酒餐廳@慶城街1號
215,新淡水高爾夫球場
2169,七星柴魚博物館
71,Gold Leaf
808,Times Square, Hong Kong
2363,石頭日式燒肉
1989,台灣番鴨牧場平鎮店
2343,全國海鮮餐廳
863,澄日式精緻料理
3385,中和
2367,建宏牛肉麵
2269,信義新光三越A11
1449,千葉火鍋
1384,星星部落
3630,新竹市青草湖風景區
1813,Restaurant Go.西洋料理
2157,牛肉拌麵
2421,赤宴燒肉店
342,國立台灣美術館
1082,Potomac Mills
0,Resorts World at Sentosa
2057,往中央大學火車上
1457,朝馬轉運站
2199,一品花雕雞吉林店
1774,雲林 興隆毛巾觀光工廠
698,台北日新威秀影城
1578,士林夜市裡 半夜才開的熱炒攤
1871,國道五號雪山隧道
3325,新勝發餅鋪 淡水旗艦店
1232,Myspace
3481,公館玫瑰大眾
3255,Intel
2450,長庚大學醫學大樓
2381,鼎上皇餐廳
1509,台北小巨蛋蔡依林演唱會
224,臺北市內湖運動中心
255,添財日本料理
2005,Canon 台灣總公司
2082,好好味港式菠蘿包
1077,小羅鹹水雞
2882,中壢市觀光夜市（新明夜市）
590,野柳地質公園
3635,滿意樓海鮮樓
1689,中山高速公路
2880,新竹市城隍廟
3266,渣打銀行八八分行
1642,天母誠品-三皇三家
1720,越苑Savoy
2451,黑美林
3185,三民書局
872,上乘三家涮涮鍋共和國
1848,宜蘭縣礁溪鄉甕窯雞
1446,馬家莊
2659,Ating 18日式關東煮旗艦店
2124,向山遊客中心
898,Champagne V'e（原二店）
1977,桃園縣議會
1920,Amba吃吧
1111,Rose And Crown English Pub
1029,Macau International Airport
1221,EVOS Westshore
360,健康國小
1382,新光三越信義新天地 A9館
2915,喜寶人文產後護理之家
874,彩虹公園河堤
2329,GLAMOUR Lounge&Darts
2276,錢櫃KTV 中華新館
465,ABU Authentic Cuisine
2971,普園北平館（中和店）
3347,伊莎貝拉風情館
1677,水源會館
1338,London Euston Station
3536,萬年商業大樓
2317,麥當勞 南京二店
2128,楊梅市公所
728,Melbourne Zoo
1202,Georgie's Alibi of Wilton Manors
1702,American Grill in Taiwan
61,Tiananmen Square
193,玉上園
3444,逢甲資電學院
3391,捷運龍山寺站
2107,Bagel Enjoying 攝影文創
950,星巴克-陽明山店
300,內江街昆明街口的日本料理16：30~02：00
1062,The Puck - Diner & Sports Bar
1341,張學友 『１/2世紀世界巡迴演唱會』高雄站
2651,桐花村
2738,Hilton San Francisco Union Square
191,花博公園夢想館
390,Ljubljana
2342,臺中火車站
2794,興隆路我家牛排
80,台灣食堂 Taiwan Canteen
1434,好樂迪(台北景美店)
3002,吃得巧海苔飯卷
129,TRENDnet Inc
2999,新井壽司日本料理
3466,嘉義鹿草施家莊
2964,天母東路星巴克
3060,Burger King
2671,台北京站威秀影城
443,ATT4Fun-RAMA-10F
1012,鹿港燈會
3320,A-salon
3187,Survarnabhumi International Airport Gate D8
19,Junction 8 Shopping Centre
3014,麥當勞
2104,介壽耳鼻喉科
1882,士林監理站
51,Mapletree Anson
2810,Dunkin 佳瑪店
1230,Sawgrass Lake Park
1738,噴水雞肉飯
1340,恆逸資訊教育訓練中心
2716,橘柒閱讀咖啡
1072,新營服務區
991,環球板橋店
522,礁溪老爺大酒店 Hotel Royal Chiao Hsi Spa
2222,信義國中操場第6跑道
1176,Dunkin' Donuts
1119,Tampa Bay Buccaneers Game
3440,逗趣130巷(打卡專頁)
55,阿水肉骨茶 @ Lukut
1653,花博大佳園區大佳東站
43,Raffles Hotel Singapore
3647,捷運後驛站 MRT Houyi Station
1426,大呼過癮永利店
3577,Tainan Station
994,碧沙漁港
1336,Dounan Station
3442,晉康骨科復建診所
260,馬路邊
2892,新焦點麗車坊內湖旗艦店
302,蜂大咖啡
929,文山茶莊
1811,Easy House
2986,大溪花海農場 Ta Shee Blooming Oasis
1254,我溫暖的床上！
1859,Quicken Loans Arena
1852,井仔腳瓦盤鹽田
2407,新時代購物中心-威秀影城
290,福隆海水浴場
2387,台北京站時尚廣場 饗食天堂
1276,小熊城堡民宿
2291,臺北市信義運動中心
3411,R&B Curry 咖哩
1534,永康街芋頭大王
3538,綠島峇里會館
489,新竹三十九號北埔擂茶創始店
1856,天仁茗茶民生社區店
3576,萬紅刀切麵
2937,台北橋
1199,Muvico Parisian 20 & IMAX
1304,麵家三士
767,皇后鎮森林
3309,A.salon南京店
552,金礦咖啡－信義忠孝店
3378,寶島餐廳
1982,三和大盤熱炒
794,總督影城
2452,老四川-台中公益店
972,台北板橋高鐡
2598,貓館
804,葡萄酒博物館
2279,松園釣蝦場
758,義大皇冠假日飯店The Cut鐵板燒牛排餐廳
1992,Queen Shop 蘆洲店
350,環球國際宴會廳
334,Wa Pasta 義磚義瓦統領店
2867,林口霧社街（賽德克巴萊）
434,Wayfare Tavern
2933,Burgerking
3199,313@somerset
2807,青樓麗緻茶館
868,饒河街夜市齒牛香牛肉麵
564,Moon Bar -Banyan Tree Hotel, Bangkok
326,京華城「Snoopy特展」
1326,台灣高鐵 • 飛馳中
568,巨蛋粉紅窩
407,Sensation
3097,青葉新樂園-華山店Chingye Shinleyuan
2766,初鹿牧場
1216,IKEA Tampa
1691,鹿港天后宮
1242,高鐵上
261,哈奶舖
3449,中壢大江百貨公司
711,Brisbane
1387,陶一軒精緻小火鍋 內湖店
3323,桃園國際機場二期航廈入境大廳
1243,誠品書店敦南店
303,八里花神 Cafe de Flore
1335,金色河畔汽車旅館
212,Abu Brasserie
659,台北市立圖書館
50,Sembawang Drive
1226,Regal Park Place Stadium 16 & RPX
1011,大安森林公園 Da An Forest Park
1504,石岡水壩
2504,貳樓餐廳
996,特洛伊城 - 義大遊樂世界
1604,花蓮自強夜市老夫子牛排
566,Grand CentrePoint at Terminal 21
2705,老松國小
831,Alice Cafe
247,neoWEST
1921,俏江南 South Beauty Taiwan
854,戴記扁食
59,Sun Plaza
1898,礁溪柯氏蔥油餅
1040,霸王紅面碳燒薑母鴨
1160,Bonefish Grill - St. Petersburg/Tyrone
274,品爵鐵板燒創意料理Teppanyaki
2300,一碗小羊肉
814,Blue Frog
884,Momo Paradise Neo19牧場
3035,富基漁港－阿火師海味觀海亭
2282,福隆海水浴場 沙雕展
916,乾杯
1499,樂麵屋
219,香料廚房
1430,Outback Steakhouse 竹北店
1415,Bravo Burger發福廚房
362,博多拉麵
3456,高雄85大樓
1818,新竹縣體育場
2061,幸福水漾公園
2613,總統府前廣場
2908,雙喜人文產後護理之家汐止一館
2041,白玉砂石
761,克麗蒙汀麵包生活館
2545,鼎上鮮婚宴會館
606,桃園機場第一航廈B3登機口
584,佛光大學雲起樓人文學院
1411,嚐嚐九九（中壢店）
3283,Flughafen Frankfurt am Main
699,Scott Liu 婚禮
3298,台灣桃園國際機場
276,田舍手打麵
1353,桃源仙谷
1816,【客家本色‧中科店】
1420,大乾杯燒肉居酒屋本店
1466,天大地大台科大
2034,九族文化村
204,頂福休閒食園
449,Wootp 窩台北
1085,National Air and Space Museum
2044,G2000
2710,榮記大骨仔
22,West Mall
1000,安平古堡
1373,錢櫃Partyworld 桃園中華店
206,阿潘廚房
2667,苗栗
85,Chin Chin
1383,2012臺灣熱氣球嘉年華@臺東鹿野高台
1758,紅屋牛排館 忠孝店
2218,桃園地方法院簡易庭
2836,新港奉天宮
2829,古月新城複合式餐館
2513,桃園國際機場第一航廈 Taiwan Taoyuan International Airport Terminal  1
3613,七股觀海樓
922,百家班活蝦-基隆路店
3502,味亦美早餐
815,澳門民政總署路奴氹歷史館
2898,世貿南港展覽館
1630,士林夜市之神出鬼沒好吃燒烤七里香
1889,阿蘇ホテル二番館
806,新渡輪前往澳門中
3542,寶雅
2786,鮮友火鍋-平鎮店
623,三峽外婆家
3053,博登藥局
1117,Walt Disney World
1433,NTUST Project Practice Lab
989,汐止8號熱炒
2285,重慶抄手麵食
245,Takashimaya 天母大葉高島屋百貨公司
3336,小喬新疆羊肉串
2923,青青草原(羊咩咩，超得意！）
801,台北國賓飯店 A Cut Steakhouse
3450,中壢璿豐福斯
2760,隨意鳥地方
2340,Nathan Sawaya積木夢工場
2118,三和夜市，Sanho Night Market, Tapei, Taiwan
578,龍山國民中學
3573,宜蘭香炸螃蟹
269,麥當勞台北館前餐廳
3485,好樂迪內湖店
1984,六窟溫泉餐廳
3521,仁川國際機場 Incheon International Airport
3065,大葉高島屋 Dayeh-Takashimaya
1321,中華電信總公司
1938,Fulong Station
1787,南庄抹茶冰
2281,Toucheng Station
985,Kanpai（乾杯 中山店）
1821,台中公益路 Pinococo 皮諾可可
3103,台北市彩虹河濱公園
1278,Longtable
461,Grand hôtel de l'univers
959,Benny Burger
3523,首爾站 樂天超市
2809,Rock Source 味子
138,士林肯德雞
1018,乾杯燒肉居酒屋（台北中山店）
2770,二重疏洪道公園
351,名流湯村
3551,金華冰廳 Kam Wah Cafe
905,The Westin Taipei台北威斯汀六福皇宮
197,Neverland．小國生活
1235,Social Security Office
3332,Lebua Tower Club & Sky Bar
826,桃園中正機場
3149,龐德羅莎
2771,迪化街年貨大街
1279,雲門舞集台北戶外公演@兩廳院藝文廣場
368,彭園湘菜館
3314,大甲鎮瀾宮
3228,ท่าอากาศยานสุวรรณภูมิ | Suvarnabhumi Airport BKK
2351,忠孝東路四段鍋大爺
1307,森鱻生猛海鮮
539,鶯歌陶瓷博物館
2531,諾園民宿
1603,海灣32行館
2601,石碇 7-11
114,麥當勞旗艦店-內湖舊宗新湖路口
1655,龜吼漁港
1679,松山機場-觀景台
2062,226公車上
1492,Grand Hyatt Taipei - 台北君悅酒店
3238,頭城農場
457,Eiffel Tower
492,金山知味香石頭烤玉米
2338,燕子湖
1179,AutoNation Toyota Scion Pinellas Park
1627,福德涼麵
3010,高速公路上
723,IMAX Cinema
1292,台北行天宮 Hsing Tien Temple
1404,國立台北商業技術學院圖書館
3390,臺北市立美術館
2858,草嶺
1153,Sunken Gardens
2405,日新戲院
2013,台北捷運圓山站
470,貓空纜車移動中
1757,竹北 十一街麵食館
2606,十分老街
2482,407- Lady Nga Nga's Room :">
388,Trattoria di Primo
1,阿里山高山青大飯店
3571,銅鑼灣海鮮平價快炒
2295,清水福宴國際美食餐廳
1412,北轉七校迎新宿營
750,中全公園
2680,垂坤肉鬆店
881,星巴克站前誠品門市
348,Wego薇閣精品旅館
1824,The Wilds
3543,王印麻辣乾麵
3023,星辰庭園汽車旅館
2951,焿香棧蒜味肉焿
2823,普默提陀
3524,桃園國際機場 第一航廈 Gate B5
3019,玉珍齋餅舖
3612,極西點-國聖燈塔
273,兔子聽音樂餐坊 Bunny Listens To The Music
1189,Star Tours: The Adventures Continue
1899,阿宗芋冰
2765,萬華大埔鐵板燒
593,正在移動的捷運
2339,阿諾菓子手作坊&阿諾可麗餅
170,瑞宏中醫診所
4,Geopark Hotel Langkawi
3380,夏都海灘酒店
3570,向上泛舟
3397,台北市立第二殯儀館
3175,Sheraton Skyline Hotel London Heathrow
592,暖暖
1520,台北101觀景台
3317,Costco汐止店
2655,永祥鳳梨酥
3181,Banyan Tree Hotel
2188,技佳工程顧問有限公司
3642,新營、鹽水交流道出口
1501,好初早餐
2174,Royal Host 樂雅樂北投店
2066,麟光車站
2814,新光三越台中店
1087,Tyson's Corner
2566,左營新光三越彩虹市集之騎士堡
1155,The Saturday Morning Market
2744,煙波大飯店莫內西餐廳
2400,台北東區商圈
8,台南市後壁區上茄苳
3511,DE蒂伊國際髮型美容學苑First Hair
1568,Hong Kong 茶水攤 茶餐廳
281,日月潭纜車-喬巴車廂
3162,春天農場
1320,Wind
805,大賽車博物館 Grand Prix Museum
3601,民雄海產餐聽
3256,宏碁桃園發貨中心
2252,漢堡王burger KING
1946,三芝淺水灣寵物天堂
3629,台中朝馬國光客運
1042,Delizia 得義家洋食坊
1100,Boom Wilton Manors
253,鳥街
2238,基隆港海產樓
2123,南投市香榭享咖藝文館！
2177,大魯閣棒壘球打擊場 內湖館
2114,東區-相幾王
1036,莉庭古早味（樟樹總店）
1186,Disney's Magic Kingdom
2053,台東成功 三仙台
891,南勢角好樂迪
1463,台灣科技大學
900,Costco 好市多台北內湖店
3214,金泰日本料理
166,Elite Deli
1253,莫瑞納海灣會館
798,勝博殿-日式炸豬排（信義店）
1841,Minneapolis-St. Paul International Airport B Concourse
837,光之舞
3194,台北國賓大飯店
2785,儷舍
2088,台北花園大酒店
2358,小麥聖地
1845,臺北世界貿易中心聯誼社
1896,郭元益婚紗
1993,National Central University ( 國立中央大學 )
2261,西湖
1923,圓多立鐵板燒
2881,烘爐地南山福德宮
312,微風台北車站-阿舍食堂
964,吳培培博奕大本營
1423,華中河濱公園
589,Glacio比利時蜂鳥冰淇淋
125,天母Sogo_新葡苑
1990,中央大學小木屋鬆餅
246,新東南海鮮餐廳
1760,Hana2
2777,燒匠
282,日月之星遊艇
3534,綠風草原餐廳
1863,Memphis International Airport
2388,漢堡王（林森店）
2086,好樂迪 重陽店
2011,Canon人像 課程散散步
3558,金山肉包王
1364,六張犁車站
317,克林台包
1839,Office of International Affairs
2330,林森北路五條通
719,Churchill Island
369,昆明街明治府
1909,Y17青少年育樂中心b1飛輪世界
1491,Square's格子美式餐廰
990,荷風會舘
574,國賓影城(環球購物中心)
1731,九號碼頭-太平店
3161,民生社區❤
704,Kaikoura - New Zealand
2201,吳家牛肉麵
835,基隆大武崙情人湖
1461,烏來雲仙樂園高空攬車
45,City Hall Mrt
2235,台北站前新光三越
3036,新莊中港肯德基
1981,女兒紅婚宴會館
1032,烤霸串燒
810,Galaxy亞洲美食坊....
2675,南島冰品
1290,新竹六星集Me2 Villa
1429,正傳統擔仔麵
955,中原大學高記冰品的綜合粉圓十豆花
3452,白甘蔗涮涮鍋板橋府中店
3337,屏東縣東港鎮碼頭
2006,起司大衛
3366,蘭桂坊
311,中正紀念堂 Chiang Kai-shek Memorial Hall
2726,南竿-北海坑道。
2143,銘傳大學基河校區
2371,統一皇帽汽車百貨館內湖店
819,綠海咖啡
2249,南投竹山工業區
2563,台中市火車站
861,金勇DIY蕃茄農場
823,Murano
54,Geopark Cable Car Langkawi
3611,小豪洲沙茶爐
1114,Wyndham, located in the Walt Disney World Resort
90,Wealth Garden
749,壽豐立川魚場
1381,微風好樂迪中興店
2656,普吉島泰式舒壓館
3040,牛仔部落
1318,頂好美景川味小吃紅油抄手
689,老四川巴蜀麻辣燙-台中店
2782,Gate 44 ~ Hong Kong International Airport(^_−)−☆
628,利果洋食概念廚房
1351,陽明山-冷水坑
2147,一元堂美食茶館
1580,周胖子鮮果汁
3128,國立臺灣大學醫學院附設醫院
373,7-11
2876,Taoyuan interational baseball stadium
2175,宜蘭—冬山河親水公園
3616,麻豆監理站
2102,深山中@@
530,冠軍燒肉
3084,晶華酒店栢欐廳
3291,Sydney Airport
1397,東華湖畔
2466,大元餅行
2093,霸味薑母鴨自強店
2097,億華數位忠孝店
2133,三重空軍一村
333,COSTUMICE CAFÉ
1142,Flamingo Resort
2604,光華紅豆餅
707,Alimentari
1396,花蓮鯉魚潭
1190,Disney's Hollywood Studios
1753,滿來溫泉拉麵
2754,蚱蜢石頭火鍋
2668,寶藏巖國際藝術村
3467,鼎王台中精誠店
961,晴光臭豆腐
1870,Hyatt Regency Cambridge
2669,台北市中山堂
1257,奕順軒礁溪店
1705,喫飯食堂
2311,雞激叫香雞排
2390,內湖棚拍
67,China Chilli
3052,錢都涮涮鍋
2609,Taoyuan Station
2227,冷水坑
3113,南崁 特力家居 松井日式自助百匯
200,La Villa Massalia & Spa. Hotel Concorde
3484,台南永康交流道
2236,龍運港式茶餐廳
2546,基隆市仁愛國小
3436,逢甲大學
2610,Taipei Railway Station
1051,基隆外木山沙灘
2683,蘆洲功學社音樂廳
3218,國泰綜合醫院
1937,燦坤西門店
602,大聯盟打擊場
1739,城東創意街區展開幕活動
2215,關西服務區
1918,228紀念公園
3369,明水三井
2748,桃園國際機場第一航廈
2759,銀座天國本店
74,Tokyo Teppinyaki - Chapel Street
780,不老部落
2059,新莊輔大花園觀光夜市
2000,台灣羊
3018,龍山魷魚肉焿
2517,永福橋
1907,擎天崗大草皮的野牛旁
3506,168釣蝦場
2280,牢鍋
1749,Maryjane Pizza 瑪莉珍比薩 師大店
1391,花蓮縣瑞穗鄉北回歸線
3182,南雅夜市
1503,麥酒屋
1812,東勢林場
130,Queen Mary Long Beach
3029,Chiang Kai-shek Memorial Hall
2474,快樂天堂^_^
1002,中山高
558,101年新北市街頭藝人認證活動
1593,七美雙心石滬
2423,咪妮洗番保齡球
1663,波哥
1552,跨海大橋
122,大魯閣保齡球淡水館
1828,Narita Airport Terminal1
3623,布來恩家
2865,首華花園大飯店
3312,舜德農莊休閒餐廳
3095,三軍總醫院 急診部
748,Mr. Onion 洋蔥先生
25,Butterworth Penang
1294,依蕾特布丁
2260,太平洋百貨豐原店
1625,Forkers
760,義大皇家酒店 E-DA ROYAL HOTEL
2370,咖啡弄敦化店
917,Banqiao Station
2871,Boske
3491,東湖王家水餃
601,義式不同 複合料理
3346,米拉親子生活館
2877,觀音海水浴場
2129,台64線
208,花蓮經典假日飯店
6,台灣首廟天壇天公廟
2068,攝影家手扎教室
2977,思賢國小
2968,Duke's Pizza
1589,星巴克環山門市
2056,中央大學環境工程所
2889,巨匠電腦板橋認證中心
1858,Port Columbus International Airport (CMH)
3471,天鍋日式涮涮鍋
2197,十八王公廟
3600,台北車站
2148,喝桶海
2622,耕莘健康管理專科學校
3508,半天寮 好望角
3363,港澳客輪碼頭 Hong Kong - Macau Ferry Terminal
789,北投圖書館
3318,牛角日式炭火燒肉
41,Marina Mandarin Singapore
648,Old Town, Jalan Alor
102,Nepalese Kitchen
902,西門新光影城
745,花蓮馬太鞍溼地
1252,水世界潛水85K
1819,友達光電L3B
724,Costco Melbourne
1056,星星們 要會合ㄌㄡ(^_−)−☆
1116,Rosen Shingle Creek
751,Sogo復興店 Cafe Kitchen
1602,公正街包子店
1332,國立政治大學公企中心 National Chengchi University
3006,三重大埕鈇板燒
1694,國道三南投休息站
295,松柏復健科診所
1682,台北市立動物園 Taipei Zoo
228,N.Y. BAGELS, 內湖店
2164,台中市一中商圈
1793,首都淘寶 × 藝遊華山
2584,師範大學
1806,Prego義大利餐廳
1414,大佳河濱公園
453,三井日本料理
3260,大呼過癮臭臭鍋
3302,香港國際機場一號客運大樓 Hong Kong International Airport Terminal 1
2597,台北轉運站
2843,髮靖造型
2475,Temple Bar
1194,Georgie's Alibi St. Petersburg
2470,Joy's Burger喬伊漢堡
1057,君品酒店 Palais de Chine Hotel
649,Jalan Alor, Bukit Bintang
2577,勞工保險局
924,礁溪山泉大飯店 Sun Spring Resort
953,長庚醫院急診室
320,孔廟魅力商圈
822,澳美客牛排館
459,Chateau de la Tour Hotel Restaurant Cadillac
2162,Kürtős巧朵滋煙囪捲同樂會
1953,出發囉一路往南走
2318,Tasty西堤牛排-宜蘭新月店
194,　 程智科技實驗室
2274,【地標】瓦城 台北三越南西店
1809,TOP CITY台中大遠百
1484,大潤發中和店
2596,南投國立暨南國際大學
2076,聖誕快樂 I Love youuu
1416,西堤牛排復興店
207,炸彈蔥油餅
2,Orchard Hotel Singapore
1386,日月潭-遊湖船上漂浮
2820,桃園國際機場二期航廈出境大廳
936,三義木雕街
3550,廟街 Temple Street
3405,萬華區行政中心
3239,馥臨火鍋景美店
779,雪霸國家公園
119,Best Western Wynwood Hotel & Suites
2550,嘉義耐斯松屋
1664,台南安平樹屋
1933,Ferrari
3462,水木林
888,三兩燒烤
2921,生命、愛、擁抱希望的大家庭-芝蘭教會
363,Hola
1849,字神帝國英語學院
393,鷹流らーめん
682,正在移動中的貓空纜車
3357,台北市饒河街觀光夜市
1295,小杜意麵
3498,中壢搖滾音樂節
3345,秘密花園
3275,南港展覽館
1183,Disney's Animal Kingdom
183,江南脆皮雞排專賣
772,Cafe Kitchen
148,Tonight Drinks Relex
1513,藝奇新日本料理中山北店
165,二條通．綠島小夜曲
2646,德蘭演講廳
2491,花園大夜市
3342,台北市京華城
3077,麻膳堂 MAZENDO
2443,國賓大戲院
1060,上乘三家
3147,新光三越 站前店
2778,-55度C沙西米（仁愛店）
2709,黑毛薑母鴨
576,桃園中正機場第一航廈
3071,In 新莊ikea
2078,峨嵋號捐血車
2494,好樂迪西寧店
89,The Hardware Société
2335,33區熱炒生猛海鮮
2125,埔里鎮寶大飯店
1903,U Bike
3165,Sydney Domestic Airport Terminal 3
1288,彩雲南
3316,建國假日花巿.
3062,台北僑園飯店
1395,艾米餐飲館
2454,國立海洋生物博物館
2396,田季發爺蘆洲店
677,統一阪急
486,Robot Station鐵皮駅
3289,Premio
910,苗栗縣三義鄉勝興車站
2347,5/19 Danceport 電音港 2012 ft. Pelussje, Allure, Richard Bedford @ 高雄興達港情人碼頭
3143,台茂購物中心 TaiMall Shopping Center
2934,三重沒有店名的牛肉店
1524,老四川巴蜀麻辣燙-長安店
2196,奇幻∙不思議 3D幻視藝術展
2672,樂雅樂家庭餐廳
3631,番婆坑客棧-天水茶房
2727,馬祖南竿八八坑道
1196,Robyn @ St Petersburg Times Forum w/ Katy Perry - Tampa, FL
1033,鵝肉城活海鮮
3582,台灣高鐵新竹站 THSR Hsinchu Station
2569,高鐵板橋站-Banqiao Station
870,Taipei World Trade Center Nangang Exhibition Hall
3193,國賓影城＠微風廣場
2773,屯京拉麵 TONCHIN (台灣)
938,爭鮮-板橋新開幕
582,四方阿九魯肉飯
1099,Rocco's Tacos and Tequila Bar
1775,正斗六炊仔飯
1143,Bonefish Grill - St. Petersburg
2095,鋤燒板橋店
3007,家樂福 天母店
1808,K T Shop
1046,鳥居夜景咖啡
3587,新光三越 台南西門店
977,Star Movies
695,財政部中區國稅局豐原分局
680,饒河觀光夜市
1184,AMC Downtown Disney 24
951,社子島堤岸
220,菓風小鋪-菓風工房
365,五十嵐民生店
3514,潮港城國際美食館
1916,Nico燒肉
3268,石獅石龍
2996,霸味薑母鴨『全台總店』
3389,西門千葉
1037,特力屋內湖店
2180,豐聖老店純手工山藥小饅頭
3176,桃園新光站前 Afternoon Tea
1962,北門綠豆沙牛乳大王
2874,萬華後車站老牌林仙草冰
86,Gate 4 - Melbourne International Airport
1092,Chris Nasons Bathroom
3562,阿莫品味餐廳
1772,福安鴨肉飯
1985,北投六窟溫泉餐廳
754,開元紅燒土魠
2916,亞尼克菓子工房
925,北關海鮮城
3295,成家小館
1512,不佬碢
3396,義大世界
3606,石頭鄉烤玉米
2564,彩蝶宴
481,韓琳韓國料理坊
1820,日月老茶廠
3273,面具 創意•品燒
230,台南市政府
1779,丞太中醫診所
3257,友人居酒屋
2150,大大茶樓-【台北南京店】
2723,台南六甲工研院招待所
2220,田季發爺﹣通化店
3428,出一張嘴燒烤店
3115,惠蓀林場
3615,星巴克starbucks(廣林門市)
1960,頭城車站阿公蔥油餅
2090,獅頭山公園
713,Natural Bridge Park
1240,Mink Radiology
1448,The 8Th Street
2524,台科大草坪
2327,國立台灣科技大學管理學院
301,金格長崎蛋糕
3626,Pingtung Station
2896,羅東林業文化園區
828,洋蔥
484,Breeze Center 微風廣場
2949,重慶北路三段麥當勞
2514,師大商圈
1911,Le Meridien Taipei寒舍艾美酒店 - 探索廚房
451,Melange Café
1699,台灣高鐵左營站 THSR Zuoying Station
262,遠企怡東園
2477,Megastar Cineplex Pico Building 229 Tay Son
3198,西門國賓電影院
3099,臺北市立體育場
2054,台東鹿嗚溫泉酒店
439,桃園機場第二航廈Gate D5
2952,菓匠日式手工銅鑼燒
1801,魚饌日式鮮料理
2859,天仁茗茶喫茶趣
1302,芳庭彼得餐坊
1709,臺北市社教館城市舞台
2052,林家臭豆腐
3119,臺北世界貿易中心展覽大樓 Taipei World Trade Center Exhibition Hall
2805,景美夜市
1439,貳樓餐廳 Second Floor Cafe 敦南店
118,台北豪園飯店
983,大溪迎富送窮廟
2935,99公車上
1442,水都北投溫泉會館 SPA Spring Resort
3639,五嬸活海鮮
291,新莊龜山島   熱炒
809,金光飛航
1150,Lucky Star Lounge
2230,我的溫暖小窩
788,Afternoon Tea忠孝SOGO
1275,鹽寮055海鮮餐廳
2909,三峽外婆家(^_−)−☆
755,新同樂魚翅餐廳
1229,Publix Super Market
1001,安平老街
1955,捕夢網 - 企業雲端 . 最佳捷徑 (2013台北電腦應用展)
150,桃園國際機場 國泰航空貴賓室
1587,陽明山後山
3281,新竹國賓大飯店
703,Geographical Centre of New Zealand
1692,臺中市立港區藝術中心
135,Tonight
192,古早傳說
2663,Migo沐海B&B
1152,Epcot
2946,中央健康保險局
285,第八街美式餐廳
1482,竹北火雞肉飯
2815,中彰快速道路
2038,觀音工業區服務中心
2310,員林小義大利餐廳
3359,鼎王麻辣鍋光復店
2879,新竹- 阿忠冰店
923,尊王活海鮮熱炒
289,褔隆火車站鄉野便當
2223,四四南村
2930,三井上引水產
1910,月蘆歺廳花蓮
401,秦味館
2974,優聖美地
2098,CoCo壱番屋 ～ 漢口店
857,* In House
3219,One Hair南京店
2516,內灣火車站
110,老師傅手工鮮肉包
1906,World Gym世界健身中心(西門旗艦店)
3392,巧味食坊
1185,Walt Disney World Resort
2883,阿財鍋貼（天母店）
2838,7-11 金權門市
2927,Comebuy總舵
3034,老梅石槽
2853,華彩通訊行
315,花園夜市Tainan Flower Night Market
314,榮吉炒牛肉
1535,Studio Unknown 不為人知工作坊
2242,瓦城泰國料理(大江)
3598,台南嘉南藥理科技大學
2834,雍殿鴛鴦麻辣鍋(精緻吃到飽)
2718,台灣高鐵台中站 THSR Taichung Station
209,太監雞御膳坊總店
1674,澎湖馬公機場後機室
3490,聿麒中醫診所
1084,United States Naval Academy
3583,忠孝復興車站
1673,大稻程 三號水門
2890,崎黃中醫
1314,新光三越A9 欣葉台菜
1857,Chicago O'Hare International Airport
1532,羅東林場肉羹
2676,歐納牛排館
2565,嚐嚐九九
263,路上
2832,米多甜洋果子
84,Qantas International Business Lounge Melbourne
1422,公館鍋喜
3338,魔法咖哩Magic curry 粉絲團
2719,斑馬 騷莎 美義餐廳 +2店
2050,盧竹鄉山腳村雅勝屠宰場
660,BEAT Party世貿二館
2781,JOLLY手工釀啤酒+泰食餐廳
2712,好丘 Good Cho's
296,回到我溫暖的家
1474,上介青
2229,嘶吼KTV
3393,羅東觀光夜市 Luo Dong Night Market
1904,Le Royal Méridien Shanghai (Official)
2722,南投
131,塵世pub
2510,Chocolate Tree
3643,淡江大學正妹最多的大樓
700,台北世貿-技術交易展工業局館
2429,新聖整形外科診所
1298,臺北市松山運動中心 Taipei Song Shan Sports Center
352,我在公車上
2273,老四川
3205,高家莊米苔目
2790,信義新光a9館 春水堂
2967,皇都唯客樂
3150,新光三越 台北信義新天地A8館
1325,福岡空港国際線ターミナル
3382,300壯士跨時代健身中心
1104,The Westin Fort Lauderdale
2094,烏來深山中
1618,假日之森(竹南)
2670,柳堤公園
2369,清境香格里拉音樂城堡
652,Suria KLCC
3356,台北松山火車站
2552,財伯米糕
277,我的床上=(^.^)=
2708,港園牛肉麵
1250,龍洞灣海洋公園
2989,大豹溪
24,Penang
1547,Kyle & Tiffany's Wedding Party @ 20120304
1703,四川段純貞牛肉麵
3593,耐斯美髮
2589,登豐港式麻辣鍋
2884,國立臺灣大學 National Taiwan University
3365,中環鏞記
2665,雲濛仙境
1261,曼咖啡
2939,福勝亭
2553,高美溼地
160,Jamba Juice
901,玉林雞腿大王
1695,中山高速公路彰化交流道
2496,L'amour
709,de Alleyway
3287,Los Angeles International Airport (LAX)
2717,可樂廚房
2270,巷仔內米粉湯
444,馬可波羅餐廳 遠企38樓
3625,小西腳碗粿店
3085,御鼎香烤鴨餐廳
1735,靜心湖
997,高雄義大天悅飯店
3634,金車伯朗咖啡城堡
2795,美麗華影城Miramar Cinemas
2394,歐嬤烏蘇拉德風美食屋
2288,新光a8
3478,太平山莊
3432,7－11清境門市
1327,台湾の高速鉄道左營駅
2901,台中和欣朝馬站
2505,Blue Storm
1971,津沙聚落
2391,MR.BR0WN
1935,麗庭莊園grace HILL
708,DFO South Wharf
458,Vinexpo 2011
3277,宗元道場
1684,京都タワー
2556,國立台北教育大學圖書館
1596,和田飯店
3406,台北101
3073,徐匯廣場大樓
2465,國軍彰化忠靈塔
2535,東海永和
2189,無名子
3209,新光三越A9館﹣PAUL
278,Vivi造型剪燙染
992,小烤一下
1107,Park Place Regal Cinema
812,澳門主教座堂
607,肯德基 西門店
1469,N.Y. Bagels Cafe 京站店
2561,東海蓮心冰雞爪凍
1367,朝桂港式飲茶
2115,Guang Hua Digital Plaza
2302,台科大 建準電機
2399,淡水
3468,ㄧ中街阿sir
727,Geelong
3621,許乃仁皮膚科
2711,蒙娜麗莎世界經典藝術魔幻展
2830,往內壢交流道路上大塞
2472,開南大學
2254,成吉思汗
545,帝王食補紅面薑母鴨
2673,1982食巢意大利麵
48,Tai Seng MRT Station
2767,Bellini Pasta Paota
2603,國立中興大學 National Chung Hsing University
31,Resorts World Convention Center
2476,Sắc Mầu Cafe'
1803,小高玉
1215,Walmart Supercenter
3482,日湖生活百貨(原德安生活百貨)
2747,香港國際機場2號客運大樓
265,貝塔教育訓練中心
3271,百世多麗花園酒店 Pescadores
500,So Free Pizza 柴燒窯烤比薩
1330,國立臺北商業技術學院
431,Andaz Napa
878,知味鄉玉米
3305,鮮定味生猛活海鮮
2419,霸面薑母鴨
327,等公車
2816,宜蘭 羅東夜市
2436,豆花開了-靜宜店
3263,長榮飛機中三
338,水舞饌崇德店
1506,優勝美地音樂渡假民宿-宜蘭民宿
3417,逢甲大學室內體育館3F
2035,天橋下當歸鴨
3374,法國在台協會
2582,台北植物園 Taipei Botanical Garden, Taiwan
283,台北市立教育大學
2141,萬里漁港
2819,桃園好市多- Costco Taoyuan
2457,雞酒棧
216,台北寒舍艾美酒店-小探索廚房
3063,北平樺泰麵食館
3001,北平向陽樓
2389,吉星港式飲茶
3145,12號公社
3431,合歡山武嶺
1465,星巴克（頂溪門市）
1154,Park Place Regal Theater Stadium 16
2165,澎湖海洋牧場
3364,Macau Restaurant 澳門茶餐廳 Causeway Bay Hong Kong 香港銅鑼灣
3020,老龍師肉包
2416,華山1914文創園區
3140,桃園國際機場第一航廈出境大廳
3519,Dozo創作料理居酒屋
3117,台北市立中崙高中
1646,濟州館韓式料理
915,Tiger City老虎城-威秀影城
1607,豐春甘蔗冰
877,北海岸洋荳子咖啡屋
775,武陵茶莊
3212,咖啡弄忠孝店
2525,韓式福氣炸雞
405,甕窯雞
28,Bottle Tree Park
3087,中央研究院 Academia Sinica
1588,蘭陽派香雞排
1755,建築師會館
3585,新竹和欣客運
1349,Xinzhuang Baseball Stadium
3451,台中春水堂總店
3242,Marina Byblos Hotel
156,Musée du Louvre
980,和村泰式餐廳
3448,桃園國際機場 空姐休息室
3216,Dimond Center Mall
2170,板橋浮洲藝術河濱公園
464,美多客
2902,蕃茄村漢堡總部
2493,台中逢甲觀光夜市
3640,西螺服務區
236,萬華糖廍文化園區
2253,天母東路全家
1634,馬公機場^.＜*
14,彰化鹿港！(◎_◎;)
1796,RT
1925,台中后里天馬牧場
1740,薌筑園
720,Rod Laver Arena
2519,小蒙牛 - 公館店
3276,竹南后厝龍鳳宮
2570,饒河街夜市
2511,동대문
2463,屈臣氏
1272,成大醫學院第三講堂
1773,北港朝天宮
309,Coco造型髮藝
2679,臺北市政府 Taipei City Hall
1408,Victoria Bridge, Brisbane
567,Tiffany Show, Pattaya
1525,Live食尚藝廊
2486,開南大學B510
586,地球上的一個小角落
395,老盛昌
1089,Thomas Farm Community Center
3499,海鮮城
132,新北市中和區南勢角興南夜市
1355,In Houes
2648,小島泰式料理 - 蘆洲店
1838,The Oval At Osu
2007,往中大的火車上
3112,山青水秀
515,元氣壽司店
3649,瘋麻辣頂級鴛鴦麻辣火鍋
2019,新北市立光榮國民中學
3348,大疆南北烤肉堂
715,Twelve Apostles
1456,Tiger球的運動館
1576,N.Y. BAGLES
1418,福美軒
3541,豆花
3326,思源養護中心
827,航空科學博物館
1942,濟南鮮湯包
3375,Sheraton Grande Taipei Hotel 台北喜來登大飯店
1781,華山1914文化創意產業園區
2027,蘆竹海湖工業區
1043,品鱻生猛活海鮮
3191,長庚紀念醫院台北分院
112,金龍肉羹-基隆美食
2403,小王子童話廚房
876,和民居食屋 (Neo19)
104,Collins Quarter
864,龍潭
1635,隆福海鮮餐廳
2900,溫暖的窩
1197,Thai Thani Channelside
2602,爭鮮迴轉壽司 永和2店
705,Ganbaranba
1762,伊賀屋
2743,南機場
2753,陶板屋和風創作料理 屏東公園店
832,義式屋古拉爵 內湖大潤發1店
3167,Cp Tower
3388,Häagen-Dazs天母旗艦店
1885,新店區桂山台電冰品部
3354,石碇公臭臭鍋總店
1897,錢都日式涮涮鍋
3362,圓方
40,Jonker Walk, Malacca
3252,宏碁大樓
297,Y17台北巿青年活動育樂中心
1945,YMCA 萬華會館
544,陳家大院
2292,金築大樓
2875,向日葵沙龍美髮
221,南港運動中心
9,嘉義噴水雞肉飯忠孝店
323,名流咖啡烘焙屋
1356,金色三麥
322,泉記米行
2707,NiNi尼尼義大利庭園餐廳
414,Bruges Cafe 布魯日咖啡
3155,Starbucks Coffee統一星巴克
2462,屋馬燒肉町
2489,AT7國際髮型
3248,弍兩燒肉
3098,汐止水源路
2145,三德公園
3160,統一阪急百貨台北店
3410,Oui Cafe 西屯店
1133,Sila Thai
1400,花蓮布落灣
422,Lawry's The Prime Rib Taipei
1612,Starbucks 忠誠天母門市
11,溪湖媽祖廟(福安宮)
2788,保庇保庇！行天宮拜拜
3567,精神病院
529,台北市西門國小
1098,2012 World Tour - Miami
2448,高巢森活休閒農場
2176,花博公園圓山園區
3516,桃園國際機場 第一航廈 B7登機閘口
3240,Neo19 馬辣信義旗艦店
1360,台北小巨蛋-波伽利演唱會
1963,羅東夜市~
2787,三隻母雞
1965,三重天台
329,四知堂
2438,Livinghouse生活空間餐廳
1756,Mr.Brown伯朗咖啡館
3315,南投名間松柏嶺受天宮
813,仁慈堂
616,平溪老街
830,陶板屋
39,Singapore Conference Hall
3148,五分埔商圈
2437,西湖渡假村-五月雪桐花祭
2259,月眉育樂世界  斷軌雲霄飛車上
2498,依斯特
960,臺北醫學大學
1207,Hot Suppa!
1005,吉米串燒屋 Jimmy House
2652,Hong Kong International Airport, Gate 69
2328,易鼎活蝦 大里店
3184,三井上引-立吞即食區
946,我家床上
381,新竹內灣老街
218,宜蘭礁溪福哥石窯雞
185,Crowne Plaza San Jose-Silicon Valley
2599,世貿一館 / 台北世界貿易中心
3221,成田国際空港 Narita International Airport
1549,迪化污水處理廠附設休閒運動公園
1864,Greater Columbus Convention Center
2987,小烏來天空步道
933,內湖洲子街
1362,永春車站
3479,TAIPEI 101 MALL 台北 101 購物中心
2001,往中大的陰屍路上
3505,蘇中醫
797,Aura
2357,無老養生鍋-台中公益店
1282,錢櫃Partyworld-中華新館
2071,大阪拓海家
2247,中和環球購物中心-21世紀風味館中和環球店
1112,Morroco Pavilion
1014,老担阿璋肉圓
718,Eureka Skydeck 88
1786,苗栗縣南庄鄉
3215,Capri
684,小辣椒魷魚焿
70,大台北 Grand Taipei Bakery
2099,宜蘭運動公園
3174,有田屋京都涮涮鍋
1015,桃園天秤麗緻茶館
3201,Las Ramblas
2245,宜蘭玻璃屋手作料理
1211,Chili's Grill & Bar
3304,家樂福 汐止店
1241,Deep R.
2368,老英格蘭莊園
939,海山車站
377,民生炒飯
1480,陳府
1704,太魯閣號
2591,台中高鐵站
2320,可利亞涮涮鍋
3203,Strike Night Club
3269,南海交通船觀光碼頭
1644,辣霸子麻辣
2139,中正橋
398,Tasty西緹牛排-天母店
195,Aniki Burger
1706,城隍廟汕頭牛肉館
2533,Salt Peanuts
1744,外澳
2532,溯溪民宿
1548,大河之戀皇后號
2023,國立中央大學 National Central University
2117,永和豆漿
1715,國立政治大學藝文中心
1790,仟軒茶屋
3497,麥當勞康寧門市
120,Boston Logan International Airport
2267,京華城喜滿客影城 Cinemark Core Pacific City
1443,台灣科技大學第三餐廳
1550,滿拿炸粿
3196,太平洋 SOGO 復興館
919,BARCODE Taipei
1052,港南餐廳
1530,逸雲軒港式餐廳
508,王品牛排
2015,國立中央大學之好兇蛋餅沒開
1745,新光三越A13
1719,貳樓餐廳 Second Floor Cafe 公館店
3222,成田国際空港 第二旅客ターミナル
3067,IKEA 桃園店
1747,Paul
670,微風台北車站Breeze Taipei Station
2350,十二燒延吉店
447,寶萊納啤酒餐廳慶城一號店
1926,台大椰林大道
2548,國軍歷史文物館
2070,中港路金錢豹舞廳
1479,Houtong Station
3241,汐止周胖子餃子館
446,No.168 Prime 牛排館
2413,Eating Time美式餐廳
694,勝博殿
52,Blk 50 Telok Blangah Dr
3351,阿文現炒
1368,花田牧場壽喜燒&風味鍋
462,Henry II
932,Guandu
2345,迪化街永樂市場Apple203
2211,Kfc肯德雞
46,Plaza Singapura
542,台電勵進餐廳
1225,Ceviche St Pete
2195,此燈亮有餅
3453,晶宴會館民權館
3416,宮原眼科
3074,宜蘭綠色博覽會
2431,食藏燒肉居酒屋
445,Shangri-La Taipei 香格里拉台北遠東國際大飯店
394,林森北 金磚
1583,天母愛摸小豪宅
2212,國立臺北大學民生校區
2456,Hotel one 頂餐廳
1180,The Mall at Millenia
3622,麥香儂
2149,Fulong Beach
3170,SOGO鼎泰豐
3208,鼎泰豐
2666,墾丁:)
2290,圓環頂傳統美食
7,柳營奇美醫院
3473,蘇澳港
732,聚 北海道昆布鍋 • 桃園台茂店
1714,林東芳牛肉麵
1680,桃園國際機場B4登機門
243,四季紙品手創館
181,一壽養庵
117,梅庭
998,高雄愛河 Love River
1265,莊敬高職
139,果子咖啡
1487,碩士補習班
2590,台灣科技大學研揚大樓
1736,五花馬
2410,秀泰影城
1472,摩斯漢堡/Mosburger
2873,四方鮮乳牧場
824,芸堂人文咖啡
2888,健喬信元醫藥生技股份有限公司
222,博多天麩羅 山海
418,台北華國大飯店
2706,怡客咖啡-Ikari Coffee
604,牛仔部落厚切牛排
1131,Flamingo Resort St Pete
2825,桃園市富國路
1222,Macy's
3372,Chef King
1136,Park Side Regal
3072,京華國際宴會廳
1944,台大集思國際會議中心
146,永和頂溪捷運站 MRT Din-shi Station
981,田季有間客棧
2204,LATTEA 綠蓋茶 • 館（士林店）
2539,花博公園美術園區
3424,台灣高鐵天龍站
2729,北竿遊客中心
1733,信義和民
3096,Eslite Cafe
943,捷運巿政府站
2523,國立清華大學
30,Jurong Point Shopping Centre
782,囍Cafa
1058,霸王情•薑母鴨
1645,中國文化大學曉峰紀念館
1979,Fried OREO in Kenting
2593,交通大學
1792,義麵坊小酒館
3192,kiki餐廳
1357,無老
2903,小林髮廊第七事業部
1893,南港戶政事務所
3384,銀泰小館
2581,中國信託敦北分行
890,十九酒食居酒屋
3288,Starbucks
1726,<新光三越信義新天地A9館>紅豆食府
1900,國道五號
2715,高雄市文化中心（Kaohsiung Cultural Center）
1716,関西国際空港 (Kansai International Airport, Osaka)
3340,萬里知味鄉烤玉米
2870,中原全州食堂
3107,信義區商圈
3335,內湖區公所
856,金山派出所
3599,台灣高鐵台南站 THSR Tainan Station
2344,台北市縫紉業職業工會
3330,品酒棧
1881,STARBUCKS東湖店
3299,新馬路噴水池
3510,虎頭山
591,板橋室內溫水游泳池，
99,Dessert Story
2365,圓山交流道
792,智慧的長河～會動的清明上河圖
410,日月潭 Sun Moon Lake
928,易鼎活蝦
1874,國立台北大學三峽校區
2904,國道三號南下快速移動中
3597,行駛中的火車上.
3488,最佳情人
3476,雪山登山口
134,阿里巴巴的廚房
75,Trotters Restaurant
908,宜蘭縣頭城鎮蘭陽博物館
3383,Kuang Seafood, Huay Kwang
359,裕珍軒
1620,雙城街夜市
511,古拉爵餐廳
3308,必勝客歡樂吧-光復店
2408,Mr.38 咖哩 一中店
3564,阿朗依古道
1764,安和路
973,@往公司ㄉ路上
1686,國道三號
2105,蒙馬特影像咖啡
2962,日月農莊
1234,The Mad Greek
186,Hampton Inn & Suites-Chesterfield
2502,潮肉sukiyaki忠孝店
3545,MaMaLuLu
2100,新北市市政府
316,北勢街
2469,Menglian Lầu 325
3531,臺灣桃園國際機場第二航廈 Taiwan Taoyuan International Airport Terminal 2
2312,永和永貞路上介青熱炒店
3267,Taipei Songshon Airport松山國際機場
2030,桃園加班血汗工廠
2919,民生幼稚園
2697,床的世界
577,捷運西門站 Ximen MRT Station
3153,Sun Yat-sen Memorial Hall (Taipei)
3463,世界豆漿大王
2214,Shengxing Station
36,Bugis Junction
3376,八仙樂園
2826,桃園縣立虎頭山公園
2377,明耀百貨12F饗食天堂
3580,台南美樂地KTV中成店
2917,歐德林口總公司
1306,一兵一卒 - 鍋物概念館
526,BELLAVITA giuliano Fujiwara
3544,南灣沙灘
3563,Enjoy Kitchen
3605,富霖華平宴會館
2530,NTUST
3533,九族文化村-偉大的航道
2661,徐匯廣場-樂雅樂
180,台北巿立聯合醫院仁愛院區
1096,Disney World - Magic Kingdom
3370,Pickles 阿肯美式餐廳
696,らあめん花月嵐 中友店
103,Laksa King
1834,Taiwan Taipei Intl Airport
1308,Häagen-Dazs 敦南旗艦店
335,蘭城晶英酒店 蘭城百匯
2918,烏石港
2081,麥當勞(桃園八德)
1486,春喜炭火燒肉
2995,長庚陳至善-公園診所
1495,藺陽博覽館
1701,두타 (Doota)
1782,在水一方景觀餐廳
551,林園電影城
3624,高雄新堀江商圈
2386,台北京站威秀影城 Vie Show Cinemas Taipei QSquare
1088,Sprinkles Cupcakes Georgetown
2092,鶯歌阿婆壽司
2757,佘家孔雀蛤大王
355,地熱谷
1402,太魯閣砂卡礑步道
1527,Eat Eat Pasta
2811,Mega City板橋大遠百
1065,好樂迪ktv
97,Pellegrini's Espresso Bar
1637,第三漁港
717,Anglesea Golf Club
3464,東勢
2301,胖達咖啡餐飲店
2925,國道三號高速公路
298,NOVA資訊廣場台北店
1932,蜡藝彩繪館
76,Melbourne Party World 錢櫃
3324,双元成餅店
2178,芝山吉祥熱炒
2936,蘆洲夜市
1223,The Fresh Market
2360,跟窟先生約會中
679,溪頭明山妖怪村
1388,味自慢
1459,Luxy
926,烏石漁港
2296,陶板屋敦南店
3171,南崁特力屋勝博殿
2072,錢櫃中華新館
116,花田村
2733,San Francisco International Airport (SFO)
883,西門町豪華3D影城
229,公館肯德基
3648,世新大學電子計算機中心2F
1941,五峰旗風景特定區
2763,家蒂諾鐵板燒
242,政治作戰學校
2605,彩虹橋愛情廣場
3413,春水堂
98,Gami
2812,中原商圈夜市
123,國立臺灣博物館
3016,國道3
202,A poet
914,晶宴新莊館
2620,耕莘專校cb08
3204,Momo Paradise
1403,台鐵自強號上
1359,資策會
3574,陶板屋 台南勝利店
1094,Northeast Exchange Coffee Pot Park
3163,Hyatt Regency San Francisco Airport
2931,六福村 水樂園
1861,PSA2
954,丹堤咖啡
2322,久千代餐廳
3494,Pasoul最後一天之瘋狂畢業酒醉趴
2248,五股工業區, Wugu
415,China Airlines T2 VIP Lounge
1228,Panda Express
1698,Stock Ghyll Force Waterfalls
3398,新光人壽保險摩天大樓 Shin Kong Life Tower
2973,計程車上
2293,燦坤3c清水店
29,♥Home Sweet Home♥
2562,逢甲夜市我來了☆☆☆
2361,十二燒
1182,Bahama Breeze
3495,屋頂上 The Top
770,Verona創義廚房
10,雲林 斗南
2607,深坑老街萬吉豆腐美食
2664,八里芭達桑原住民主題餐廳
2752,鵝鑾鼻燈塔
409,牛逼餓店
3556,阿玉蔴粩
3553,添好運點心專門店
2806,鐵人九番料理亭
2571,內湖禮客
3088,L'OCCITANE Café - Taiwan 歐舒丹Café
1560,澎湖郵局口蔥油餅
3005,麥當勞三重正義二
2439,Papabubble
2134,寶橋福壽宮
2264,信義新光三越A9館 春水堂
1872,臺北市立明倫高級中學
1831,Hong Kong International Air Port
2734,Westfield San Francisco Centre
1649,泰雅小吃
1007,花蓮光復糖廠
2847,石碇服務區
1070,悅上泰泰式按摩
2374,世貿二館C6+SPARK驚碳奢華之夜
426,ATT 4 FUN
1761,璽子牛肉麵
2536,台中豐原
3557,金泉浴池
841,日月潭-伊達邵碼頭
598,羽田空港国際線旅客ターミナル／Tokyo International Air Terminal
1201,Sidelines Sports & Video Bar
2168,淡水台北灣
2742,Toyota桃苗汽車-新竹營業所
834,品客西餐
435,San Francisco International Airport- Terminal 2 Virgin America
2804,舜德農莊
1379,桃園中正國際機場第ㄧ航廈
1331,統一超商總公司
3054,中和好市多costco
1361,台北凱撒大飯店
2912,溫暖的家
2653,紗帽谷溫泉音樂餐廳
412,明園日本料理
2649,佳味香東山鴨頭
1912,觀音工業區
3021,雲林老家
2945,台北市立兒童育樂中心
746,客家炒米香體驗工作室
2375,中山南京商圈小公園
701,綠蓋茶‧館（台大店）
1823,Bob Evans
618,三峽
1529,集客人間茶館
331,家裡
3092,國立臺灣大學管理學院教學研究館
2827,Zhongli Station
336,太陽堂老店
3070,科教館,B1-兒童益智探索館
970,在公司
498,霧社
3043,國道一號
2799,正徳小吃店
1847,臺一牛奶大王
2324,捷運科技大樓站
2982,新泰國中
1595,玉冠嫩仙草旁邊的環島粉圓
2572,準備出門
105,Guhng - The Palace
796,科教館GO好玩
2857,萬年峽谷
182,樂雅樂
3225,西堤牛排台中文心店
2219,千葉火鍋(中華尊爵館)
450,Soul Food
2426,松江錢櫃獸星茫了好可愛
862,祥和園活魚餐廳
1795,人社院
766,Taipei 101 Cold Stone
1964,華碩陶然館
3349,川鍋.魯旦
403,橋頭麻辣鍋
1878,長角96 THE Longhorn BAR& Grill
3595,台南應用科技大學 羽毛球管
2657,京站時尚廣場威秀影城
2144,拍攝景點
2833,Toyota桃苗汽車-中壢營業所
454,新光三越 台中中港店
3627,嘉南藥理科技大學
2441,沙里仙溫泉渡假村
3114,國父紀念館車站
2420,下港吔
1450,LAVA CLUB
1106,Saturday Morning Market
2049,阿信牛排
1681,樂樂燒肉
1708,網元漁坊 台北鄉根店
3244,雲閒居
3,Lukut Town
1054,帝王食補紅面薑母鴨汐止店
753,億載金城
1949,鯉魚門
1343,氹仔新好利
3190,Mos Burger 松山機場店
1393,七星潭風景區
3604,玉井水果批發市場
154,屋頂上的貓私廚
2678,海安路藝術街
3129,仁愛路圓環
2467,星巴克大英門市
739,A Cut Steakhouse Hsinchu
2116,臺北世界貿易中心 展覽3館 Taipei World Trade Center Exhibition Hall 3
726,Chadstone Shopping Centre
1800,品鱻熱炒
1919,饗食天堂內湖分店
2817,高速公路國道3號
115,富翔飯店-米爾餐廳
1752,C25度咖啡館
3461,Caf'e Grazie 義式屋古拉爵 羅斯福店
2822,普默提陀食坊
1700,Gimpo International Airport
452,新光三越Giorglo Armani
256,金甌女中
2981,新北市立十三行博物館
374,天母創意市集
1237,Jerry's Famous Deli
1470,厚讚牛排
2111,達哥麵攤
425,隱家牛角
2331,Coffee Tree
1130,CODE Bar at Flamingo Resort
1518,尖沙咀翠華
535,Le Meridien, Taipei
2750,國道一西螺休息站
2353,金瓜石-黃金博物館
3245,萬芳福德宮
3614,七股鹽山
2878,台元運動中心二館
3430,逗趣義式餐館
967,中山醫院
1281,阿城鵝肉
3246,汐止東方科學園區
3210,Sebel
1685,國道一號內壢交流道
1966,奔騰的飛機跑道上
3569,阿美客青年民宿
2112,強尼玫瑰外澳店
1419,千葉火鍋板橋尊爵館
2839,台灣高鐵桃園站 THSR Taoyuan Station
2434,小蒙牛頂級麻辣養生鍋-台中旗艦店
2306,Le Paris 萊巴黎 法式麵餐廳
993,外太空
697,台北京站華納威秀電影城
3055,平津麗園麵食館
2534,國立中山大學
2432,照利海鮮餐廳
94,Rainbow Karaoke
2554,北埔老街
583,絕色影城
341,田樂
1980,普立茲新聞攝影獎70年大展
3234,淡水黑殿飯店
164,加州創意廚房 - 信義威秀店
850,2010臺北國際花卉博覽會新生園區
3211,SOGO天母店
1266,W Taipei
2990,Ikea兒童遊戲區
3301,澳門國際機場 Macau International Airport
608,圓環魯肉飯
2560,家
1137,International Plaza
142,鏹鏹滾生猛活海鮮
3421,大學生涯最後一個專題發表--網路程式final Project
1289,Haleakala夏威夷酒吧餐廳
2137,萬里海邊
1059,鋒形紋身
354,新士林市場國際觀光夜市
712,Sea World - Gold Coast, Australia
984,宜蘭礁溪湯圍溝溫泉公園
2028,海湖
895,台北醫學大學附設醫院
1008,銘川食堂
3513,Goodday
1010,三軍總醫院
1213,Romano's Macaroni Grill - Tyrone Square
811,銀河酒店
2863,World Gym 世界健身 中壢分館
3231,國道1號
2824,華川宴麻辣火鍋
1562,福林橋豬血糕
149,性侵日本妹的司機用5萬交保 連署提案要求執法官下台【按參加之後記得要在點計程車照片下方的(選擇要邀請的朋友)一起來參加就可以了】點參加不用出席喔！！
37,VivoCity
1939,Kasugai View Hotel
3141,江子翠捷運站
1475,平溪車站
1066,台灣味生猛活海鮮
807,HarbourCity
3586,永康交流道
2314,Mr.Brown外澳海景咖啡館
1181,The Florida Mall
147,台北國軍英雄館
3437,逢甲大學門口
909,La Villa Hair Salon
2217,宜蘭玻璃屋
3547,林媽媽綠豆蒜
3236,車頭邊鳳梨炒飯
226,和民居食屋-美麗華店
1483,景安車站
3286,Frankfurt Airport
531,無敵家義泰料理
3493,Pasoul Club
1807,首都藝術中心
3407,輕井澤鍋の物
2303,錢櫃台北中華新館
2887,國道3號
1995,國立中央大學女一舍
930,葛瑪蘭汽車客運
3166,斗侍咖啡
2568,墾丁凱撒大飯店 - Caesar Park Hotel (Kenting)
21,Mandarin Orchard Singapore
145,陽明山菁山遊憩區
1868,Cincinatti Premium Outlets
2294,草原風蒙古火鍋
2132,六福村主題樂園
1616,天天饅頭
2852,綠光花園幸福莊園
570,臺灣警察專科學校
62,可利亞
2775,人形町日本料理
2993,馬辣鴛鴦火鍋專賣店
3017,清水休息站 西雅圖咖啡
339,彩虹村
2515,貴陽大樓
3381,鼎泰豐本店 Din Tai Fung Restaurant
1236,Natalee Thai Cuisine
2985,唐老鴨牛排館中原店
3329,信義威秀影城
1305,政江號湯圓
1854,西堤牛排-光復南店
3078,香草集教室
1392,瑞穗牧場
2924,往清境的路上…
53,Market Cafe at Swiss Merchant Court
437,Monte Carlo Resort & Casino- Las Vegas
3307,臨江觀光夜市（通化街夜市）
2573,星巴克 Startbucks 內湖民權綠色門市
538,銘傳大學校門口
1728,南京七里香小吃店
91,New Gold Mountain
3080,桃園國際機場第一航廈星巴克咖啡
1101,Bill's Filling Station
1958,桃園機場第一航廈入境大廳
2460,7-11新勤益門市
2356,Never End Cafe
107,boxhill 老地方素食館
1208,Maria's Restaurant
1075,滿滿燒肉
2503,小飯館兒
78,France Soir
2885,新莊中正路上
776,武陵台灣櫻花鉤吻鮭生態中心
1943,伯朗咖啡
1967,馬袓南竿機場
553,烤師父烤肉飯
2308,北平楊寶寶蒸餃
2440,饗食天堂
657,熊一燒肉
318,莉莉水果店
3546,小杜包子
1940,南方澳活海鮮
2529,La PASTA 義大利麵屋
3230,Miracle Suvarnabhumi Airport Hotel
2551,國道台中清水服務區 Hightway Rest Area
268,全家啦
64,Melbourne International Airport (MEL)
2138,彰化縣社頭鄉
1339,London Victoria Station
3213,Rogers Centre
2621,臺灣國立師範大學
774,員樹林友愛食堂
2241,三四郎さんしろう居酒屋串燒
2203,台大醫院兒童醫療大樓（台大兒童醫院）
1453,來來豆漿
1794,【地標】瓦城 安和店
3581,臺北捷運公館站(臺灣大學)
2932,阿發羊肉爐
2611,台中的家
672,蘇阿姨比薩屋
2594,Taichung Station
1352,淡水 DanShui
379,富錦街
3355,自強夜市 第一家烤肉串
825,武暖餐廳
2518,小瑪家
764,Taipei 101-ZARA
2769,smith&hsu 現代茶館
57,Wild Wild Wet
1264,喜憨兒麵膳坊
846,Osweet
2458,勤美 誠品綠園道
1069,好樂迪台北汐止店
3319,KiKi Thai
3439,Jane & Tony 義式Party Food
778,行政院退除役官兵輔導委員會武陵農場
1071,潤泰金融大樓
1081,Juniors Restaurant And Cheesecake
3528,那霸 APA Hotel
2135,行譽汽車修護廠（永和店）
816,大利豬扒包
56,我在南灣天氣晴
820,可達休閒羊場
3403,National Central Library
235,鶯歌陶瓷老街 YingGe Ceramics Street
3568,墾丁淳青背包客棧
3602,唐裝海景餐廳
106,Madame SouSou
2499,錢櫃台北林森店
324,　阿堂鹹粥
1827,Detroit Metro Airport (DTW)
1329,張媽媽牛肉麵
1385,金花軒卑南包仔店
2724,介壽獅子市場
3526,皇后先生
168,Sogo復興館
397,北安麥當勞
3418,高鐵—台中站
3106,川味老張牛肉麵
3386,大和日本料理
2209,陽明山擎天崗 Yangmingshan National Park
654,龍都冰菓專業家
2758,爭鮮迴轉壽司南機場店
581,捷運士林站
1776,米糕甲
1742,臺北世界貿易中心
305,Coffee Tree Bistro
855,雲軒
411,凱悅YES KTV (台中店)
2427,Georg Jensen
2055,志學火車站
1538,Melange Cafe 米朗琪咖啡館
1203,Rosie's Bar and Grill
1354,湖口老街三元宫
2359,林森北路
725,Sofia Restaurant
1927,南庄頤園
2051,綠島大街
1410,亞運保齡球館
3530,Tokyo Dai-ichi Hotel Okinawa Grand Mer Resort
3483,椰如創意鐵板燒
2453,怡臻邸
2383,N.Y.BAGELS CAFE
934,榕堤咖啡
3425,Nanjing East Road Station
2237,淡水車站
2186,寧夏觀光夜市
1810,後壁湖-福哥海產店!
2065,那些年，我們一起來追天燈
35,Suntec Singapore Convention & Exhibition Centre
2583,Taipei Arena
2435,屋馬燒肉料亭園邸店
3207,Discovery Kartika Plaza
2894,國道五號－宜蘭交流道
1643,Smith&Hsu
3474,哭坡
1205,Arby's Pinellas Park, St. Pete FL
3048,E8th
945,建國假日玉市
927,王水成臭豆腐
3306,Costco好市多汐止店
3472,66快速道路
1693,北投溫泉博物館 Beitou Hot Spring Museum
